[{"model": "app.setor", "pk": 1, "fields": {"nome": "Seguran\u00e7a", "criado_em": "2020-01-22T18:54:36.179Z", "modificado_em": "2020-02-18T19:57:03.263Z", "criado_por": 1}}, {"model": "app.setor", "pk": 2, "fields": {"nome": "Sa\u00fade", "criado_em": "2020-01-22T18:57:54.310Z", "modificado_em": "2020-01-22T18:57:54.310Z", "criado_por": 1}}, {"model": "app.setor", "pk": 3, "fields": {"nome": "Educa\u00e7\u00e3o", "criado_em": "2020-01-22T19:00:19.790Z", "modificado_em": "2020-01-22T19:00:19.790Z", "criado_por": 1}}, {"model": "app.setor", "pk": 4, "fields": {"nome": "Gabinete", "criado_em": "2020-01-22T19:01:22.916Z", "modificado_em": "2020-01-22T19:01:22.916Z", "criado_por": 1}}, {"model": "app.setor", "pk": 6, "fields": {"nome": "Obras e Manuten\u00e7\u00e3o", "criado_em": "2020-02-03T19:38:15.399Z", "modificado_em": "2020-02-03T19:41:46.550Z", "criado_por": 1}}, {"model": "app.trabalhador", "pk": 2, "fields": {"nome": "Fabiano C\u00e9sar dos Santos", "user": 17, "matricula": "11932-2", "registro": "901016", "funcao": "Borracheiro", "setor": 1, "data_admissao": "2012-06-13T18:56:00Z", "criado_em": "2020-01-22T18:56:06.228Z", "modificado_em": "2021-04-30T12:26:08.136Z", "situacao": "ativo", "rg": null, "ctps": null, "cpf": null, "ctps_serie": null, "criado_por": 1}}, {"model": "app.trabalhador", "pk": 3, "fields": {"nome": "Roger Ricardo dos Santos", "user": 37, "matricula": "16546-1", "registro": "016546", "funcao": "Frentista", "setor": 1, "data_admissao": "2012-06-11T18:57:05Z", "criado_em": "2020-01-22T18:57:10.765Z", "modificado_em": "2021-04-30T12:26:08.982Z", "situacao": "ativo", "rg": null, "ctps": null, "cpf": null, "ctps_serie": null, "criado_por": 1}}, {"model": "app.trabalhador", "pk": 4, "fields": {"nome": "Ildes Gon\u00e7alves Filho", "user": 21, "matricula": "606288-1", "registro": "606288", "funcao": "Motorista T", "setor": 2, "data_admissao": "2019-03-07T18:58:07Z", "criado_em": "2020-01-22T18:58:13.015Z", "modificado_em": "2021-04-30T12:26:08.294Z", "situacao": "ativo", "rg": null, "ctps": null, "cpf": null, "ctps_serie": null, "criado_por": 1}}, {"model": "app.trabalhador", "pk": 5, "fields": {"nome": "Edmar Silva dos Santos", "user": 14, "matricula": "15610-1", "registro": "015610", "funcao": "Motorista", "setor": 2, "data_admissao": "2009-05-27T18:59:02Z", "criado_em": "2020-01-22T18:59:07.278Z", "modificado_em": "2021-04-30T12:26:08.055Z", "situacao": "ativo", "rg": null, "ctps": null, "cpf": null, "ctps_serie": null, "criado_por": 1}}, {"model": "app.trabalhador", "pk": 6, "fields": {"nome": "Marcelo H\u00e9rcules Silva", "user": 28, "matricula": "16547-1", "registro": "016547", "funcao": "Motorista", "setor": 3, "data_admissao": "2012-06-11T19:00:30Z", "criado_em": "2020-01-22T19:00:33.990Z", "modificado_em": "2021-04-30T12:26:08.508Z", "situacao": "ativo", "rg": null, "ctps": null, "cpf": null, "ctps_serie": null, "criado_por": 1}}, {"model": "app.trabalhador", "pk": 7, "fields": {"nome": "T\u00falio C\u00e9sar Motta Queiroz", "user": 39, "matricula": "15628-1", "registro": "015628", "funcao": "Motorista", "setor": 4, "data_admissao": "2009-06-10T19:01:35Z", "criado_em": "2020-01-22T19:01:38.022Z", "modificado_em": "2021-04-30T12:26:09.134Z", "situacao": "ativo", "rg": null, "ctps": null, "cpf": null, "ctps_serie": null, "criado_por": 1}}, {"model": "app.trabalhador", "pk": 8, "fields": {"nome": "Vildeson Ant\u00f4nio da Silva", "user": 40, "matricula": "16560-1", "registro": "016560", "funcao": "Funileiro", "setor": 1, "data_admissao": "2012-06-18T19:02:55Z", "criado_em": "2020-01-22T19:03:10.434Z", "modificado_em": "2021-04-30T12:26:09.180Z", "situacao": "ativo", "rg": null, "ctps": null, "cpf": null, "ctps_serie": null, "criado_por": 1}}, {"model": "app.trabalhador", "pk": 9, "fields": {"nome": "Vitor Dario Zanata", "user": 41, "matricula": "16576-1", "registro": "016576", "funcao": "Mec\u00e2nico", "setor": 1, "data_admissao": "2012-07-23T19:04:07Z", "criado_em": "2020-01-22T19:04:10.634Z", "modificado_em": "2021-04-30T12:26:09.210Z", "situacao": "ativo", "rg": null, "ctps": null, "cpf": null, "ctps_serie": null, "criado_por": 1}}, {"model": "app.trabalhador", "pk": 10, "fields": {"nome": "Wellington Barboza Rodrigues", "user": 43, "matricula": "16548-1", "registro": "016548", "funcao": "Motorista", "setor": 2, "data_admissao": "2012-06-11T19:05:08Z", "criado_em": "2020-01-22T19:05:11.867Z", "modificado_em": "2021-04-30T12:26:09.294Z", "situacao": "ativo", "rg": null, "ctps": null, "cpf": null, "ctps_serie": null, "criado_por": 1}}, {"model": "app.trabalhador", "pk": 11, "fields": {"nome": "Ademir Palombo", "user": 3, "matricula": "15580-1", "registro": "015580", "funcao": "Motorista", "setor": 3, "data_admissao": "2009-05-22T19:05:53Z", "criado_em": "2020-01-22T19:05:58.226Z", "modificado_em": "2021-04-30T12:26:07.674Z", "situacao": "ativo", "rg": null, "ctps": null, "cpf": null, "ctps_serie": null, "criado_por": 1}}, {"model": "app.trabalhador", "pk": 12, "fields": {"nome": "Paulo Martins do Couto", "user": 34, "matricula": "13935-1", "registro": "013935", "funcao": "Motorista", "setor": 2, "data_admissao": "2002-03-25T19:06:39Z", "criado_em": "2020-01-22T19:06:43.414Z", "modificado_em": "2021-04-30T12:26:08.854Z", "situacao": "ativo", "rg": null, "ctps": null, "cpf": null, "ctps_serie": null, "criado_por": 1}}, {"model": "app.trabalhador", "pk": 13, "fields": {"nome": "Adriano Barbosa Santana", "user": 4, "matricula": "9776-1", "registro": "009776", "funcao": "Agente de Servi\u00e7os", "setor": 1, "data_admissao": "1995-05-03T03:00:00Z", "criado_em": "2020-01-30T16:40:44.984Z", "modificado_em": "2021-04-30T12:26:07.701Z", "situacao": "ativo", "rg": null, "ctps": null, "cpf": null, "ctps_serie": null, "criado_por": 2}}, {"model": "app.trabalhador", "pk": 15, "fields": {"nome": "Marcos Ant\u00f4nio Camillo", "user": 29, "matricula": "15644-1", "registro": "015644", "funcao": "Motorista", "setor": 2, "data_admissao": "2009-06-24T03:00:00Z", "criado_em": "2020-01-31T11:11:35.734Z", "modificado_em": "2021-04-30T12:26:08.561Z", "situacao": "ativo", "rg": null, "ctps": null, "cpf": null, "ctps_serie": null, "criado_por": 1}}, {"model": "app.trabalhador", "pk": 16, "fields": {"nome": "Claudemir Albino Barbaceli", "user": 10, "matricula": "15571-1", "registro": "015571", "funcao": "Motorista", "setor": 2, "data_admissao": "2009-05-22T03:00:00Z", "criado_em": "2020-02-03T11:38:46.071Z", "modificado_em": "2021-04-30T12:26:07.957Z", "situacao": "ativo", "rg": null, "ctps": null, "cpf": null, "ctps_serie": null, "criado_por": 1}}, {"model": "app.trabalhador", "pk": 17, "fields": {"nome": "Jhonny Henrique de Oliveira Melo", "user": 22, "matricula": "606276-1", "registro": "606276", "funcao": "Motorista T", "setor": 3, "data_admissao": "2019-02-15T13:20:10Z", "criado_em": "2020-02-03T14:20:14.910Z", "modificado_em": "2021-04-30T12:26:08.346Z", "situacao": "ativo", "rg": null, "ctps": null, "cpf": null, "ctps_serie": null, "criado_por": 1}}, {"model": "app.trabalhador", "pk": 19, "fields": {"nome": "Sebasti\u00e3o Paulo de Alencar", "user": 38, "matricula": "606278-1", "registro": "606278", "funcao": "Motorista T", "setor": 6, "data_admissao": "2019-02-15T02:00:00Z", "criado_em": "2020-02-03T19:39:05.393Z", "modificado_em": "2021-04-30T12:26:09.080Z", "situacao": "ativo", "rg": null, "ctps": null, "cpf": null, "ctps_serie": null, "criado_por": 1}}, {"model": "app.trabalhador", "pk": 20, "fields": {"nome": "Francisco Ferreira Filho", "user": 18, "matricula": "2348-1", "registro": "002348", "funcao": "Motorista", "setor": 6, "data_admissao": "1993-03-02T11:27:37Z", "criado_em": "2020-02-05T11:27:41.036Z", "modificado_em": "2021-04-30T12:26:08.157Z", "situacao": "ativo", "rg": null, "ctps": null, "cpf": null, "ctps_serie": null, "criado_por": null}}, {"model": "app.trabalhador", "pk": 21, "fields": {"nome": "Wagner Peres", "user": 42, "matricula": "606284-1", "registro": "606284", "funcao": "Motorista T", "setor": 2, "data_admissao": "2019-02-20T03:00:00Z", "criado_em": "2020-02-05T18:52:47.181Z", "modificado_em": "2021-04-30T12:26:09.254Z", "situacao": "ativo", "rg": null, "ctps": null, "cpf": null, "ctps_serie": null, "criado_por": 1}}, {"model": "app.trabalhador", "pk": 22, "fields": {"nome": "Edwilson dos Santos Lima", "user": 15, "matricula": "606300-1", "registro": "606300", "funcao": "Motorista T", "setor": 3, "data_admissao": "2019-06-12T03:00:00Z", "criado_em": "2020-02-06T19:56:55.443Z", "modificado_em": "2021-04-30T12:26:08.088Z", "situacao": "ativo", "rg": null, "ctps": null, "cpf": null, "ctps_serie": null, "criado_por": 1}}, {"model": "app.trabalhador", "pk": 23, "fields": {"nome": "Renato Neris da Cruz", "user": 35, "matricula": "606289-1", "registro": "606289", "funcao": "Motorista T", "setor": 3, "data_admissao": "2019-03-07T03:00:00Z", "criado_em": "2020-02-12T18:27:15.947Z", "modificado_em": "2021-04-30T12:26:08.914Z", "situacao": "ativo", "rg": null, "ctps": null, "cpf": null, "ctps_serie": null, "criado_por": 1}}, {"model": "app.trabalhador", "pk": 24, "fields": {"nome": "Jos\u00e9 Alan Nunes Campos", "user": 24, "matricula": "16540-1", "registro": "016540", "funcao": "Eletricista de autos", "setor": 1, "data_admissao": "2012-06-04T03:00:00Z", "criado_em": "2020-02-13T19:02:25.487Z", "modificado_em": "2021-04-30T12:26:08.444Z", "situacao": "ativo", "rg": null, "ctps": null, "cpf": null, "ctps_serie": null, "criado_por": 1}}, {"model": "app.trabalhador", "pk": 25, "fields": {"nome": "Claudinei Rodrigues", "user": 11, "matricula": "3832-1", "registro": "003832", "funcao": "Agente de Servi\u00e7os I", "setor": 1, "data_admissao": "1993-07-26T03:00:00Z", "criado_em": "2020-02-18T19:56:42.131Z", "modificado_em": "2021-04-30T12:26:07.991Z", "situacao": "ativo", "rg": null, "ctps": null, "cpf": null, "ctps_serie": null, "criado_por": 1}}, {"model": "app.trabalhador", "pk": 26, "fields": {"nome": "Elson Lima Nick", "user": 16, "matricula": "606277-1", "registro": "606277", "funcao": "Motorista T", "setor": 3, "data_admissao": "2019-02-15T02:00:00Z", "criado_em": "2020-02-28T13:02:15.901Z", "modificado_em": "2021-04-30T12:26:08.110Z", "situacao": "ativo", "rg": null, "ctps": null, "cpf": null, "ctps_serie": null, "criado_por": 1}}, {"model": "app.trabalhador", "pk": 27, "fields": {"nome": "Guilherme da Silva Sim\u00f5es", "user": 19, "matricula": "606304-1", "registro": "606304", "funcao": "Motorista T", "setor": 2, "data_admissao": "2019-07-15T03:00:00Z", "criado_em": "2020-03-02T11:20:15.108Z", "modificado_em": "2021-04-30T12:26:08.190Z", "situacao": "ativo", "rg": null, "ctps": null, "cpf": null, "ctps_serie": null, "criado_por": 1}}, {"model": "app.trabalhador", "pk": 28, "fields": {"nome": "Anderson Silvio Sacchi", "user": 6, "matricula": "606254-1", "registro": "606254", "funcao": "Motorista T", "setor": 3, "data_admissao": "2019-02-06T02:00:00Z", "criado_em": "2020-03-02T12:15:26.739Z", "modificado_em": "2021-04-30T12:26:07.898Z", "situacao": "ativo", "rg": null, "ctps": null, "cpf": null, "ctps_serie": null, "criado_por": 1}}, {"model": "app.trabalhador", "pk": 29, "fields": {"nome": "Mauro Tavares dos Santos", "user": 32, "matricula": "15636-1", "registro": "015636", "funcao": "Motorista", "setor": 2, "data_admissao": "2009-06-01T03:00:00Z", "criado_em": "2020-03-03T12:41:14.045Z", "modificado_em": "2021-04-30T12:26:08.741Z", "situacao": "ativo", "rg": null, "ctps": null, "cpf": null, "ctps_serie": null, "criado_por": 1}}, {"model": "app.trabalhador", "pk": 30, "fields": {"nome": "Anderson Magalh\u00e3es de Melo", "user": 5, "matricula": "606280-1", "registro": "606280", "funcao": "Motorista T", "setor": 3, "data_admissao": "2019-02-15T02:00:00Z", "criado_em": "2020-03-05T12:48:49.263Z", "modificado_em": "2021-04-30T12:26:07.813Z", "situacao": "ativo", "rg": null, "ctps": null, "cpf": null, "ctps_serie": null, "criado_por": 1}}, {"model": "app.trabalhador", "pk": 31, "fields": {"nome": "Ant\u00f4nio de Castro Dourado", "user": 7, "matricula": "606253-1", "registro": "606253", "funcao": "Motorista T", "setor": 3, "data_admissao": "2019-02-06T02:00:00Z", "criado_em": "2020-03-06T18:58:24.959Z", "modificado_em": "2021-04-30T12:26:07.911Z", "situacao": "ativo", "rg": null, "ctps": null, "cpf": null, "ctps_serie": null, "criado_por": 1}}, {"model": "app.trabalhador", "pk": 32, "fields": {"nome": "Cristiano de Paula Ayala", "user": 12, "matricula": "606267-1", "registro": "606267", "funcao": "Motorista T", "setor": 6, "data_admissao": "2019-02-14T02:00:00Z", "criado_em": "2020-03-06T18:59:27.644Z", "modificado_em": "2021-04-30T12:26:08.006Z", "situacao": "ativo", "rg": null, "ctps": null, "cpf": null, "ctps_serie": null, "criado_por": 1}}, {"model": "app.trabalhador", "pk": 33, "fields": {"nome": "Denilson Campos Yokota", "user": 13, "matricula": "606261-1", "registro": "606261", "funcao": "Motorista T", "setor": 3, "data_admissao": "2019-02-13T02:00:00Z", "criado_em": "2020-03-06T19:00:35.888Z", "modificado_em": "2021-04-30T12:26:08.029Z", "situacao": "ativo", "rg": null, "ctps": null, "cpf": null, "ctps_serie": null, "criado_por": 1}}, {"model": "app.trabalhador", "pk": 34, "fields": {"nome": "Gustavo Fernando da Silva Ennes", "user": 20, "matricula": "16586-1", "registro": "016586", "funcao": "Frentista", "setor": 1, "data_admissao": "2012-08-20T03:00:00Z", "criado_em": "2020-03-06T19:01:50.377Z", "modificado_em": "2021-04-30T12:26:08.269Z", "situacao": "ativo", "rg": "34.180.174-4", "ctps": null, "cpf": "435.447.828-55", "ctps_serie": null, "criado_por": 1}}, {"model": "app.trabalhador", "pk": 35, "fields": {"nome": "Jo\u00e3o dos Anjos Bertip\u00e1glia", "user": 23, "matricula": "15067-2", "registro": "215067", "funcao": "Motorista", "setor": 3, "data_admissao": "2009-05-22T03:00:00Z", "criado_em": "2020-03-06T19:02:49.994Z", "modificado_em": "2021-04-30T12:26:08.409Z", "situacao": "ativo", "rg": null, "ctps": null, "cpf": null, "ctps_serie": null, "criado_por": 1}}, {"model": "app.trabalhador", "pk": 36, "fields": {"nome": "Manoel Fernando Ziroldo", "user": 27, "matricula": "11240-1", "registro": "011240", "funcao": "Motorista", "setor": 3, "data_admissao": "1997-04-08T03:00:00Z", "criado_em": "2020-03-06T19:03:54.057Z", "modificado_em": "2021-04-30T12:26:08.481Z", "situacao": "ativo", "rg": null, "ctps": null, "cpf": null, "ctps_serie": null, "criado_por": 1}}, {"model": "app.trabalhador", "pk": 37, "fields": {"nome": "Mauro Queiroz dos Santos", "user": 31, "matricula": "606291-1", "registro": "606291", "funcao": "Motorista T", "setor": 2, "data_admissao": "2019-03-07T03:00:00Z", "criado_em": "2020-03-06T19:05:30.040Z", "modificado_em": "2021-04-30T12:26:08.633Z", "situacao": "ativo", "rg": null, "ctps": null, "cpf": null, "ctps_serie": null, "criado_por": 1}}, {"model": "app.trabalhador", "pk": 38, "fields": {"nome": "Paulo C\u00e9sar Gon\u00e7\u00e1lves", "user": 33, "matricula": "7765-1", "registro": "007765", "funcao": "Motorista", "setor": 2, "data_admissao": "1994-03-02T03:00:00Z", "criado_em": "2020-03-06T19:06:36.934Z", "modificado_em": "2021-04-30T12:26:08.793Z", "situacao": "ativo", "rg": null, "ctps": null, "cpf": null, "ctps_serie": null, "criado_por": 1}}, {"model": "app.trabalhador", "pk": 39, "fields": {"nome": "Roberto C\u00e9sar de Ara\u00fajo Lima", "user": 36, "matricula": "606257-1", "registro": "606257", "funcao": "Motorista T", "setor": 2, "data_admissao": "2019-02-07T02:00:00Z", "criado_em": "2020-03-06T19:07:34.624Z", "modificado_em": "2021-04-30T12:26:08.939Z", "situacao": "ativo", "rg": null, "ctps": null, "cpf": null, "ctps_serie": null, "criado_por": 1}}, {"model": "app.trabalhador", "pk": 41, "fields": {"nome": "Carlos Alberto Dias", "user": 8, "matricula": "7641", "registro": "007641", "funcao": "Motorista", "setor": 2, "data_admissao": "1994-02-02T02:00:00Z", "criado_em": "2020-06-04T13:52:37.867Z", "modificado_em": "2021-04-30T12:26:07.927Z", "situacao": "ativo", "rg": null, "ctps": null, "cpf": null, "ctps_serie": null, "criado_por": 1}}, {"model": "app.trabalhador", "pk": 42, "fields": {"nome": "Marcos Aparecido Ol\u00edvio Barboza", "user": 30, "matricula": "912373", "registro": "15300-2", "funcao": "Agente Administrativo", "setor": 1, "data_admissao": "2018-09-18T14:41:05Z", "criado_em": "2020-07-14T14:41:11.953Z", "modificado_em": "2021-04-30T12:26:08.584Z", "situacao": "ferias", "rg": null, "ctps": null, "cpf": null, "ctps_serie": null, "criado_por": null}}, {"model": "app.trabalhador", "pk": 43, "fields": {"nome": "Sebasti\u00e3o Arosti", "user": 78, "matricula": "6327-1", "registro": "6327", "funcao": "Chefe do Departamento de Transporte", "setor": 1, "data_admissao": "1993-08-16T03:00:00Z", "criado_em": "2020-12-15T13:25:38.724Z", "modificado_em": "2021-04-30T12:26:09.037Z", "situacao": "ativo", "rg": null, "ctps": null, "cpf": null, "ctps_serie": null, "criado_por": 1}}, {"model": "app.trabalhador", "pk": 44, "fields": {"nome": "Alexandre Paranhos dos Santos", "user": 79, "matricula": "606094", "registro": "606094-2", "funcao": "Motorista (tempor\u00e1rio)", "setor": 6, "data_admissao": "2019-02-14T02:00:00Z", "criado_em": "2021-04-09T13:34:32.039Z", "modificado_em": "2021-04-30T12:26:07.750Z", "situacao": "ativo", "rg": null, "ctps": null, "cpf": null, "ctps_serie": null, "criado_por": 2}}, {"model": "app.ferias", "pk": 1, "fields": {"trabalhador": 6, "qtd_dias": 30, "data_inicio": "2020-01-06", "data_termino": "2020-02-05", "criado_em": "2020-01-22T19:00:43.866Z", "modificado_em": "2020-03-11T17:11:31.876Z", "deferida": true, "observacoes": "data de agendamento Anterior a data do pedido", "tipo": "f", "fruida": true, "criado_por": 1}}, {"model": "app.ferias", "pk": 2, "fields": {"trabalhador": 7, "qtd_dias": 15, "data_inicio": "2020-01-06", "data_termino": "2020-01-21", "criado_em": "2020-01-22T19:01:45.942Z", "modificado_em": "2020-03-11T17:11:31.750Z", "deferida": true, "observacoes": "data de agendamento Anterior a data do pedido", "tipo": "f", "fruida": true, "criado_por": 1}}, {"model": "app.ferias", "pk": 3, "fields": {"trabalhador": 8, "qtd_dias": 30, "data_inicio": "2020-01-06", "data_termino": "2020-02-05", "criado_em": "2020-01-22T19:03:26.322Z", "modificado_em": "2020-03-11T17:11:31.813Z", "deferida": false, "observacoes": "abono em 05/02/2020, converge com a data marcada", "tipo": "f", "fruida": true, "criado_por": 1}}, {"model": "app.ferias", "pk": 4, "fields": {"trabalhador": 9, "qtd_dias": 30, "data_inicio": "2020-01-06", "data_termino": "2020-02-05", "criado_em": "2020-01-22T19:04:16.798Z", "modificado_em": "2020-03-11T17:11:31.830Z", "deferida": false, "observacoes": "abono em 05/02/2020, converge com a data marcada", "tipo": "f", "fruida": true, "criado_por": 1}}, {"model": "app.ferias", "pk": 5, "fields": {"trabalhador": 10, "qtd_dias": 30, "data_inicio": "2020-01-06", "data_termino": "2020-02-05", "criado_em": "2020-01-22T19:05:19.082Z", "modificado_em": "2020-03-11T17:11:31.844Z", "deferida": true, "observacoes": "data de agendamento Anterior a data do pedido", "tipo": "f", "fruida": true, "criado_por": 1}}, {"model": "app.ferias", "pk": 6, "fields": {"trabalhador": 11, "qtd_dias": 30, "data_inicio": "2020-01-06", "data_termino": "2020-02-05", "criado_em": "2020-01-22T19:06:03.906Z", "modificado_em": "2020-03-11T17:11:31.792Z", "deferida": true, "observacoes": "data de agendamento Anterior a data do pedido", "tipo": "f", "fruida": true, "criado_por": 1}}, {"model": "app.ferias", "pk": 7, "fields": {"trabalhador": 12, "qtd_dias": 15, "data_inicio": "2020-01-06", "data_termino": "2020-01-21", "criado_em": "2020-01-22T19:06:51.911Z", "modificado_em": "2020-03-11T17:11:31.770Z", "deferida": true, "observacoes": "data de agendamento Anterior a data do pedido", "tipo": "f", "fruida": true, "criado_por": 1}}, {"model": "app.ferias", "pk": 8, "fields": {"trabalhador": 20, "qtd_dias": 30, "data_inicio": "2020-01-06", "data_termino": "2020-02-05", "criado_em": "2020-02-05T11:27:47.611Z", "modificado_em": "2020-03-11T17:11:31.862Z", "deferida": true, "observacoes": "data de agendamento Anterior a data do pedido", "tipo": "l", "fruida": true, "criado_por": null}}, {"model": "app.ferias", "pk": 9, "fields": {"trabalhador": 2, "qtd_dias": 31, "data_inicio": "2020-02-27", "data_termino": "2020-03-28", "criado_em": "2020-02-12T13:27:37.019Z", "modificado_em": "2020-03-31T11:31:07.677Z", "deferida": true, "observacoes": "data de agendamento Anterior a data do pedido", "tipo": "f", "fruida": true, "criado_por": 1}}, {"model": "app.ferias", "pk": 10, "fields": {"trabalhador": 2, "qtd_dias": 15, "data_inicio": "2020-03-30", "data_termino": "2020-04-13", "criado_em": "2020-02-12T13:28:47.243Z", "modificado_em": "2020-04-14T11:18:10.066Z", "deferida": true, "observacoes": "data de agendamento Anterior a data do pedido", "tipo": "l", "fruida": true, "criado_por": 1}}, {"model": "app.ferias", "pk": 14, "fields": {"trabalhador": 5, "qtd_dias": 30, "data_inicio": "2020-03-11", "data_termino": "2020-04-09", "criado_em": "2020-03-11T00:34:42.151Z", "modificado_em": "2020-04-13T11:08:28.053Z", "deferida": false, "observacoes": "licen\u00e7a-pr\u00eamio de 11/03/2020 \u00e0 26/03/2020, convergem com a data marcada", "tipo": "f", "fruida": true, "criado_por": 1}}, {"model": "app.ferias", "pk": 15, "fields": {"trabalhador": 5, "qtd_dias": 15, "data_inicio": "2020-03-11", "data_termino": "2020-03-26", "criado_em": "2020-03-10T11:20:04.436Z", "modificado_em": "2020-03-12T12:23:01.607Z", "deferida": true, "observacoes": "data de agendamento Anterior a data do pedido", "tipo": "l", "fruida": true, "criado_por": 1}}, {"model": "app.ferias", "pk": 16, "fields": {"trabalhador": 9, "qtd_dias": 31, "data_inicio": "2020-03-23", "data_termino": "2020-04-22", "criado_em": "2020-03-20T19:39:30.293Z", "modificado_em": "2020-04-22T10:56:23.296Z", "deferida": true, "observacoes": "data de agendamento Anterior a data do pedido", "tipo": "l", "fruida": true, "criado_por": 1}}, {"model": "app.ferias", "pk": 17, "fields": {"trabalhador": 34, "qtd_dias": 17, "data_inicio": "2020-03-23", "data_termino": "2020-04-08", "criado_em": "2020-03-23T18:25:06.567Z", "modificado_em": "2020-04-07T11:22:35.645Z", "deferida": true, "observacoes": "data de agendamento Anterior a data do pedido", "tipo": "f", "fruida": true, "criado_por": 1}}, {"model": "app.ferias", "pk": 18, "fields": {"trabalhador": 33, "qtd_dias": 32, "data_inicio": "2020-03-30", "data_termino": "2020-04-30", "criado_em": "2020-03-25T10:58:17.468Z", "modificado_em": "2020-04-30T11:18:09.966Z", "deferida": true, "observacoes": "data de agendamento Anterior a data do pedido", "tipo": "f", "fruida": true, "criado_por": 2}}, {"model": "app.ferias", "pk": 19, "fields": {"trabalhador": 33, "qtd_dias": 32, "data_inicio": "2020-03-30", "data_termino": "2020-04-30", "criado_em": "2020-03-25T19:26:10.754Z", "modificado_em": "2020-04-30T11:18:09.992Z", "deferida": true, "observacoes": "data de agendamento Anterior a data do pedido", "tipo": "f", "fruida": true, "criado_por": 2}}, {"model": "app.ferias", "pk": 20, "fields": {"trabalhador": 21, "qtd_dias": 30, "data_inicio": "2020-05-11", "data_termino": "2020-06-09", "criado_em": "2020-05-04T12:54:49.622Z", "modificado_em": "2020-06-09T11:07:13.784Z", "deferida": true, "observacoes": "data de agendamento Anterior a data do pedido", "tipo": "f", "fruida": true, "criado_por": 1}}, {"model": "app.ferias", "pk": 21, "fields": {"trabalhador": 6, "qtd_dias": 15, "data_inicio": "2020-05-26", "data_termino": "2020-06-09", "criado_em": "2020-05-20T17:33:34.966Z", "modificado_em": "2020-06-09T11:07:13.628Z", "deferida": true, "observacoes": "data de agendamento Anterior a data do pedido", "tipo": "f", "fruida": true, "criado_por": 1}}, {"model": "app.ferias", "pk": 22, "fields": {"trabalhador": 20, "qtd_dias": 30, "data_inicio": "2020-07-13", "data_termino": "2020-08-11", "criado_em": "2020-06-01T11:23:20.346Z", "modificado_em": "2020-08-11T10:53:55.950Z", "deferida": true, "observacoes": "data de agendamento Anterior a data do pedido", "tipo": "f", "fruida": true, "criado_por": 1}}, {"model": "app.ferias", "pk": 23, "fields": {"trabalhador": 12, "qtd_dias": 15, "data_inicio": "2020-07-13", "data_termino": "2020-07-27", "criado_em": "2020-06-22T19:02:25.578Z", "modificado_em": "2020-07-27T10:51:38.657Z", "deferida": true, "observacoes": "data de agendamento Anterior a data do pedido", "tipo": "f", "fruida": true, "criado_por": 1}}, {"model": "app.ferias", "pk": 24, "fields": {"trabalhador": 5, "qtd_dias": 15, "data_inicio": "2020-07-07", "data_termino": "2020-07-21", "criado_em": "2020-07-06T19:20:31.534Z", "modificado_em": "2020-07-21T11:00:11.467Z", "deferida": true, "observacoes": "data de agendamento Anterior a data do pedido", "tipo": "f", "fruida": true, "criado_por": 2}}, {"model": "app.ferias", "pk": 25, "fields": {"trabalhador": 3, "qtd_dias": 15, "data_inicio": "2020-07-20", "data_termino": "2020-08-03", "criado_em": "2020-07-14T17:56:42.708Z", "modificado_em": "2020-08-03T10:53:15.751Z", "deferida": true, "observacoes": "data de agendamento Anterior a data do pedido", "tipo": "f", "fruida": true, "criado_por": 2}}, {"model": "app.ferias", "pk": 26, "fields": {"trabalhador": 5, "qtd_dias": 15, "data_inicio": "2020-07-22", "data_termino": "2020-08-05", "criado_em": "2020-07-21T12:15:06.875Z", "modificado_em": "2020-08-05T11:15:42.958Z", "deferida": true, "observacoes": "data de agendamento Anterior a data do pedido", "tipo": "f", "fruida": true, "criado_por": 1}}, {"model": "app.ferias", "pk": 27, "fields": {"trabalhador": 10, "qtd_dias": 15, "data_inicio": "2020-08-31", "data_termino": "2020-09-14", "criado_em": "2020-08-31T12:49:29.269Z", "modificado_em": "2020-09-14T11:46:11.750Z", "deferida": true, "observacoes": "data de agendamento Anterior a data do pedido", "tipo": "f", "fruida": true, "criado_por": 2}}, {"model": "app.ferias", "pk": 28, "fields": {"trabalhador": 3, "qtd_dias": 15, "data_inicio": "2020-09-23", "data_termino": "2020-10-07", "criado_em": "2020-09-22T17:26:11.938Z", "modificado_em": "2020-10-07T11:53:57.548Z", "deferida": true, "observacoes": "data de agendamento Anterior a data do pedido", "tipo": "f", "fruida": true, "criado_por": 2}}, {"model": "app.ferias", "pk": 29, "fields": {"trabalhador": 34, "qtd_dias": 15, "data_inicio": "2020-10-19", "data_termino": "2020-11-02", "criado_em": "2020-09-22T17:31:08.502Z", "modificado_em": "2020-11-03T11:02:53.034Z", "deferida": true, "observacoes": "data de agendamento Anterior a data do pedido", "tipo": "f", "fruida": true, "criado_por": 1}}, {"model": "app.ferias", "pk": 30, "fields": {"trabalhador": 8, "qtd_dias": 30, "data_inicio": "2021-03-15", "data_termino": "2021-04-13", "criado_em": "2020-11-18T11:49:37.483Z", "modificado_em": "2021-04-13T19:47:28.813Z", "deferida": true, "observacoes": "data de agendamento Anterior a data do pedido", "tipo": "f", "fruida": true, "criado_por": 1}}, {"model": "app.ferias", "pk": 31, "fields": {"trabalhador": 12, "qtd_dias": 15, "data_inicio": "2021-01-04", "data_termino": "2021-01-18", "criado_em": "2020-11-24T12:02:15.932Z", "modificado_em": "2021-01-18T13:31:27.613Z", "deferida": true, "observacoes": "data de agendamento Anterior a data do pedido", "tipo": "f", "fruida": true, "criado_por": 1}}, {"model": "app.ferias", "pk": 32, "fields": {"trabalhador": 20, "qtd_dias": 30, "data_inicio": "2021-01-11", "data_termino": "2021-02-09", "criado_em": "2020-12-01T13:11:07.865Z", "modificado_em": "2021-02-09T14:31:42.827Z", "deferida": true, "observacoes": "data de agendamento Anterior a data do pedido", "tipo": "l", "fruida": true, "criado_por": 1}}, {"model": "app.ferias", "pk": 33, "fields": {"trabalhador": 11, "qtd_dias": 30, "data_inicio": "2021-01-04", "data_termino": "2021-02-02", "criado_em": "2020-12-01T13:28:48.959Z", "modificado_em": "2021-02-02T11:27:41.674Z", "deferida": true, "observacoes": "data de agendamento Anterior a data do pedido", "tipo": "f", "fruida": true, "criado_por": 1}}, {"model": "app.ferias", "pk": 34, "fields": {"trabalhador": 6, "qtd_dias": 30, "data_inicio": "2021-02-01", "data_termino": "2021-03-02", "criado_em": "2020-12-04T13:08:04.065Z", "modificado_em": "2021-03-02T16:46:58.665Z", "deferida": true, "observacoes": "data de agendamento Anterior a data do pedido", "tipo": "f", "fruida": true, "criado_por": 1}}, {"model": "app.ferias", "pk": 35, "fields": {"trabalhador": 41, "qtd_dias": 30, "data_inicio": "2021-01-04", "data_termino": "2021-02-02", "criado_em": "2020-12-15T13:05:11.058Z", "modificado_em": "2021-02-02T11:27:41.759Z", "deferida": true, "observacoes": "data de agendamento Anterior a data do pedido", "tipo": "f", "fruida": true, "criado_por": 1}}, {"model": "app.ferias", "pk": 36, "fields": {"trabalhador": 16, "qtd_dias": 30, "data_inicio": "2021-01-04", "data_termino": "2021-02-02", "criado_em": "2020-12-15T13:06:40.826Z", "modificado_em": "2021-02-02T11:27:41.788Z", "deferida": true, "observacoes": "data de agendamento Anterior a data do pedido", "tipo": "f", "fruida": true, "criado_por": 1}}, {"model": "app.ferias", "pk": 37, "fields": {"trabalhador": 36, "qtd_dias": 30, "data_inicio": "2020-12-15", "data_termino": "2021-01-13", "criado_em": "2020-12-15T13:07:30.074Z", "modificado_em": "2021-01-13T12:38:45.086Z", "deferida": true, "observacoes": "data de agendamento Anterior a data do pedido", "tipo": "f", "fruida": true, "criado_por": 1}}, {"model": "app.ferias", "pk": 38, "fields": {"trabalhador": 15, "qtd_dias": 30, "data_inicio": "2021-02-01", "data_termino": "2021-03-02", "criado_em": "2020-12-15T13:08:34.785Z", "modificado_em": "2021-03-02T16:46:58.696Z", "deferida": false, "observacoes": "abono em 19/02/2021, converge com a data marcada", "tipo": "f", "fruida": true, "criado_por": 1}}, {"model": "app.ferias", "pk": 39, "fields": {"trabalhador": 29, "qtd_dias": 30, "data_inicio": "2021-03-01", "data_termino": "2021-03-30", "criado_em": "2020-12-15T13:09:19.873Z", "modificado_em": "2021-03-30T12:45:03.889Z", "deferida": true, "observacoes": "data de agendamento Anterior a data do pedido", "tipo": "f", "fruida": true, "criado_por": 1}}, {"model": "app.ferias", "pk": 40, "fields": {"trabalhador": 43, "qtd_dias": 30, "data_inicio": "2021-02-01", "data_termino": "2021-03-02", "criado_em": "2020-12-15T13:26:19.156Z", "modificado_em": "2021-03-02T16:46:58.867Z", "deferida": true, "observacoes": "data de agendamento Anterior a data do pedido", "tipo": "f", "fruida": true, "criado_por": 1}}, {"model": "app.ferias", "pk": 41, "fields": {"trabalhador": 7, "qtd_dias": 30, "data_inicio": "2021-02-01", "data_termino": "2021-03-02", "criado_em": "2020-12-15T13:27:49.963Z", "modificado_em": "2021-03-02T16:46:58.912Z", "deferida": true, "observacoes": "data de agendamento Anterior a data do pedido", "tipo": "f", "fruida": true, "criado_por": 1}}, {"model": "app.ferias", "pk": 42, "fields": {"trabalhador": 10, "qtd_dias": 30, "data_inicio": "2021-01-04", "data_termino": "2021-02-02", "criado_em": "2020-12-15T14:15:07.963Z", "modificado_em": "2021-02-02T11:27:42.252Z", "deferida": true, "observacoes": "data de agendamento Anterior a data do pedido", "tipo": "f", "fruida": true, "criado_por": 1}}, {"model": "app.ferias", "pk": 44, "fields": {"trabalhador": 35, "qtd_dias": 15, "data_inicio": "2021-01-04", "data_termino": "2021-01-18", "criado_em": "2020-12-16T16:49:13.359Z", "modificado_em": "2021-01-18T13:31:27.376Z", "deferida": true, "observacoes": "data de agendamento Anterior a data do pedido", "tipo": "f", "fruida": true, "criado_por": 1}}, {"model": "app.ferias", "pk": 45, "fields": {"trabalhador": 42, "qtd_dias": 15, "data_inicio": "2021-04-20", "data_termino": "2021-05-04", "criado_em": "2020-12-22T19:53:31.298Z", "modificado_em": "2020-12-22T19:53:31.308Z", "deferida": true, "observacoes": "", "tipo": "f", "fruida": false, "criado_por": 1}}, {"model": "app.ferias", "pk": 48, "fields": {"trabalhador": 15, "qtd_dias": 30, "data_inicio": "2021-01-18", "data_termino": "2021-02-16", "criado_em": "2021-01-15T18:15:42.075Z", "modificado_em": "2021-02-17T18:35:33.092Z", "deferida": true, "observacoes": "data de agendamento Anterior a data do pedido", "tipo": "f", "fruida": true, "criado_por": 1}}, {"model": "app.ferias", "pk": 49, "fields": {"trabalhador": 9, "qtd_dias": 15, "data_inicio": "2021-02-18", "data_termino": "2021-03-04", "criado_em": "2021-01-20T13:33:40.395Z", "modificado_em": "2021-03-04T19:14:52.467Z", "deferida": true, "observacoes": "data de agendamento Anterior a data do pedido", "tipo": "f", "fruida": true, "criado_por": 1}}, {"model": "app.ferias", "pk": 50, "fields": {"trabalhador": 15, "qtd_dias": 30, "data_inicio": "2021-01-18", "data_termino": "2021-02-16", "criado_em": "2021-01-21T10:52:00.100Z", "modificado_em": "2021-02-17T18:35:33.064Z", "deferida": true, "observacoes": "data de agendamento Anterior a data do pedido", "tipo": "f", "fruida": true, "criado_por": 1}}, {"model": "app.ferias", "pk": 51, "fields": {"trabalhador": 34, "qtd_dias": 15, "data_inicio": "2021-10-13", "data_termino": "2021-10-27", "criado_em": "2021-01-27T14:04:06.171Z", "modificado_em": "2021-02-18T17:26:17.124Z", "deferida": true, "observacoes": "reagendada", "tipo": "f", "fruida": false, "criado_por": 1}}, {"model": "app.ferias", "pk": 84, "fields": {"trabalhador": 38, "qtd_dias": 30, "data_inicio": "2021-09-20", "data_termino": "2021-10-19", "criado_em": "2021-02-11T17:08:25.977Z", "modificado_em": "2021-02-11T17:08:26.014Z", "deferida": true, "observacoes": "", "tipo": "f", "fruida": false, "criado_por": 1}}, {"model": "app.ferias", "pk": 85, "fields": {"trabalhador": 2, "qtd_dias": 30, "data_inicio": "2021-03-01", "data_termino": "2021-03-30", "criado_em": "2021-02-19T12:37:10.876Z", "modificado_em": "2021-03-30T12:45:03.677Z", "deferida": true, "observacoes": "data de agendamento Anterior a data do pedido", "tipo": "f", "fruida": true, "criado_por": 1}}, {"model": "app.ferias", "pk": 86, "fields": {"trabalhador": 25, "qtd_dias": 15, "data_inicio": "2021-03-03", "data_termino": "2021-03-17", "criado_em": "2021-03-03T11:47:49.987Z", "modificado_em": "2021-03-17T12:49:41.916Z", "deferida": true, "observacoes": "data de agendamento Anterior a data do pedido", "tipo": "f", "fruida": true, "criado_por": 1}}, {"model": "app.ferias", "pk": 87, "fields": {"trabalhador": 29, "qtd_dias": 15, "data_inicio": "2021-03-29", "data_termino": "2021-04-12", "criado_em": "2021-03-29T12:56:34.371Z", "modificado_em": "2021-04-12T18:33:25.629Z", "deferida": true, "observacoes": "data de agendamento Anterior a data do pedido", "tipo": "f", "fruida": true, "criado_por": 2}}, {"model": "app.ferias", "pk": 88, "fields": {"trabalhador": 29, "qtd_dias": 15, "data_inicio": "2021-04-13", "data_termino": "2021-04-27", "criado_em": "2021-04-12T19:23:04.235Z", "modificado_em": "2021-04-27T10:49:36.990Z", "deferida": true, "observacoes": "data de agendamento Anterior a data do pedido", "tipo": "f", "fruida": true, "criado_por": 2}}, {"model": "app.ferias", "pk": 89, "fields": {"trabalhador": 29, "qtd_dias": 15, "data_inicio": "2021-04-13", "data_termino": "2021-04-27", "criado_em": "2021-04-12T19:23:04.265Z", "modificado_em": "2021-04-27T10:49:37.020Z", "deferida": true, "observacoes": "data de agendamento Anterior a data do pedido", "tipo": "f", "fruida": true, "criado_por": 2}}, {"model": "app.licencapremio", "pk": 8, "fields": {}}, {"model": "app.licencapremio", "pk": 15, "fields": {}}, {"model": "app.licencapremio", "pk": 16, "fields": {}}, {"model": "app.licencapremio", "pk": 10, "fields": {}}, {"model": "app.licencapremio", "pk": 32, "fields": {}}, {"model": "app.abono", "pk": 2, "fields": {"trabalhador": 2, "expediente": "integral", "data": "2020-01-15", "criado_em": "2020-01-22T18:56:14.930Z", "modificado_em": "2020-01-23T13:13:25.791Z", "deferido": true, "observacoes": "data de agendamento anterior a hoje", "fruido": true, "criado_por": 1}}, {"model": "app.abono", "pk": 3, "fields": {"trabalhador": 4, "expediente": "integral", "data": "2020-01-03", "criado_em": "2020-01-22T18:58:26.058Z", "modificado_em": "2020-01-23T13:13:25.626Z", "deferido": true, "observacoes": "data de agendamento anterior a hoje", "fruido": true, "criado_por": 1}}, {"model": "app.abono", "pk": 4, "fields": {"trabalhador": 5, "expediente": "integral", "data": "2020-01-03", "criado_em": "2020-01-22T18:59:13.874Z", "modificado_em": "2020-01-23T13:13:25.643Z", "deferido": true, "observacoes": "data de agendamento anterior a hoje", "fruido": true, "criado_por": 1}}, {"model": "app.abono", "pk": 6, "fields": {"trabalhador": 3, "expediente": "integral", "data": "2020-01-20", "criado_em": "2020-01-22T20:01:32.631Z", "modificado_em": "2020-01-23T13:13:25.608Z", "deferido": true, "observacoes": "data de agendamento anterior a hoje", "fruido": true, "criado_por": 1}}, {"model": "app.abono", "pk": 7, "fields": {"trabalhador": 13, "expediente": "integral", "data": "2020-01-31", "criado_em": "2020-01-31T11:09:19.403Z", "modificado_em": "2020-02-03T11:37:04.158Z", "deferido": true, "observacoes": "data de agendamento anterior a hoje", "fruido": true, "criado_por": 2}}, {"model": "app.abono", "pk": 8, "fields": {"trabalhador": 15, "expediente": "integral", "data": "2020-02-03", "criado_em": "2020-01-31T11:12:04.690Z", "modificado_em": "2020-02-04T11:38:05.332Z", "deferido": true, "observacoes": "data de agendamento anterior a hoje", "fruido": true, "criado_por": 1}}, {"model": "app.abono", "pk": 9, "fields": {"trabalhador": 15, "expediente": "integral", "data": "2020-01-31", "criado_em": "2020-01-31T13:04:30.708Z", "modificado_em": "2020-02-03T11:37:04.344Z", "deferido": true, "observacoes": "data de agendamento anterior a hoje", "fruido": true, "criado_por": 1}}, {"model": "app.abono", "pk": 11, "fields": {"trabalhador": 17, "expediente": "integral", "data": "2020-01-30", "criado_em": "2020-02-03T14:20:25.721Z", "modificado_em": "2020-02-03T14:20:25.721Z", "deferido": true, "observacoes": "data de agendamento anterior a hoje", "fruido": true, "criado_por": 1}}, {"model": "app.abono", "pk": 12, "fields": {"trabalhador": 21, "expediente": "integral", "data": "2020-02-07", "criado_em": "2020-02-05T18:53:09.186Z", "modificado_em": "2020-02-10T11:10:20.743Z", "deferido": false, "observacoes": "abono em 07/02/2020, converge com a data marcada", "fruido": true, "criado_por": 1}}, {"model": "app.abono", "pk": 13, "fields": {"trabalhador": 21, "expediente": "integral", "data": "2020-02-07", "criado_em": "2020-02-05T18:53:28.587Z", "modificado_em": "2020-02-10T11:10:20.759Z", "deferido": false, "observacoes": "abono em 07/02/2020, converge com a data marcada", "fruido": true, "criado_por": 1}}, {"model": "app.abono", "pk": 14, "fields": {"trabalhador": 21, "expediente": "integral", "data": "2020-02-07", "criado_em": "2020-02-05T19:25:01.509Z", "modificado_em": "2020-02-10T11:10:20.775Z", "deferido": true, "observacoes": "data de agendamento anterior a hoje", "fruido": true, "criado_por": 1}}, {"model": "app.abono", "pk": 15, "fields": {"trabalhador": 8, "expediente": "integral", "data": "2020-02-05", "criado_em": "2020-02-06T12:41:01.823Z", "modificado_em": "2020-02-06T12:41:01.823Z", "deferido": true, "observacoes": "data de agendamento anterior a hoje", "fruido": true, "criado_por": 1}}, {"model": "app.abono", "pk": 16, "fields": {"trabalhador": 9, "expediente": "integral", "data": "2020-02-05", "criado_em": "2020-02-06T12:46:18.234Z", "modificado_em": "2020-02-06T12:46:18.234Z", "deferido": true, "observacoes": "data de agendamento anterior a hoje", "fruido": true, "criado_por": 1}}, {"model": "app.abono", "pk": 18, "fields": {"trabalhador": 3, "expediente": "integral", "data": "2020-02-10", "criado_em": "2020-02-10T11:14:11.206Z", "modificado_em": "2020-02-12T13:27:19.137Z", "deferido": true, "observacoes": "data de agendamento anterior a hoje", "fruido": true, "criado_por": 1}}, {"model": "app.abono", "pk": 19, "fields": {"trabalhador": 5, "expediente": "integral", "data": "2020-02-14", "criado_em": "2020-02-13T11:11:43.142Z", "modificado_em": "2020-02-17T18:39:57.834Z", "deferido": true, "observacoes": "data de agendamento anterior a hoje", "fruido": true, "criado_por": 2}}, {"model": "app.abono", "pk": 20, "fields": {"trabalhador": 17, "expediente": "integral", "data": "2020-02-26", "criado_em": "2020-02-20T17:30:47.427Z", "modificado_em": "2020-02-27T14:22:27.235Z", "deferido": true, "observacoes": "data de agendamento anterior a hoje", "fruido": true, "criado_por": 1}}, {"model": "app.abono", "pk": 21, "fields": {"trabalhador": 3, "expediente": "integral", "data": "2020-03-04", "criado_em": "2020-03-03T14:49:20.874Z", "modificado_em": "2020-03-05T12:27:43.811Z", "deferido": true, "observacoes": "data de agendamento anterior a hoje", "fruido": true, "criado_por": 2}}, {"model": "app.abono", "pk": 22, "fields": {"trabalhador": 5, "expediente": "integral", "data": "2020-03-09", "criado_em": "2020-03-06T11:57:22.821Z", "modificado_em": "2020-03-10T11:13:59.126Z", "deferido": true, "observacoes": "data de agendamento anterior a hoje", "fruido": true, "criado_por": 2}}, {"model": "app.abono", "pk": 23, "fields": {"trabalhador": 13, "expediente": "integral", "data": "2020-03-09", "criado_em": "2020-03-06T12:29:19.361Z", "modificado_em": "2020-03-10T11:13:59.037Z", "deferido": true, "observacoes": "data de agendamento anterior a hoje", "fruido": true, "criado_por": 2}}, {"model": "app.abono", "pk": 25, "fields": {"trabalhador": 32, "expediente": "integral", "data": "2020-04-01", "criado_em": "2020-03-31T19:53:46.560Z", "modificado_em": "2020-04-02T10:32:58.026Z", "deferido": true, "observacoes": "data de agendamento Anterior a data do pedido", "fruido": true, "criado_por": 2}}, {"model": "app.abono", "pk": 26, "fields": {"trabalhador": 8, "expediente": "integral", "data": "2020-04-03", "criado_em": "2020-04-02T10:33:22.610Z", "modificado_em": "2020-04-06T11:52:50.353Z", "deferido": true, "observacoes": "data de agendamento Anterior a data do pedido", "fruido": true, "criado_por": 2}}, {"model": "app.abono", "pk": 27, "fields": {"trabalhador": 21, "expediente": "integral", "data": "2020-04-03", "criado_em": "2020-04-03T13:14:20.672Z", "modificado_em": "2020-04-06T11:52:50.470Z", "deferido": true, "observacoes": "data de agendamento Anterior a data do pedido", "fruido": true, "criado_por": 2}}, {"model": "app.abono", "pk": 28, "fields": {"trabalhador": 34, "expediente": "integral", "data": "2020-04-09", "criado_em": "2020-04-08T17:44:29.439Z", "modificado_em": "2020-04-13T11:08:28.126Z", "deferido": true, "observacoes": "data de agendamento Anterior a data do pedido", "fruido": true, "criado_por": 1}}, {"model": "app.abono", "pk": 29, "fields": {"trabalhador": 6, "expediente": "integral", "data": "2020-04-09", "criado_em": "2020-04-13T12:32:03.899Z", "modificado_em": "2020-04-13T12:32:11.685Z", "deferido": true, "observacoes": "data de agendamento Anterior a data do pedido", "fruido": true, "criado_por": null}}, {"model": "app.abono", "pk": 30, "fields": {"trabalhador": 2, "expediente": "integral", "data": "2020-04-17", "criado_em": "2020-04-16T12:02:56.431Z", "modificado_em": "2020-04-22T10:56:23.037Z", "deferido": true, "observacoes": "data de agendamento Anterior a data do pedido", "fruido": true, "criado_por": 2}}, {"model": "app.abono", "pk": 31, "fields": {"trabalhador": 25, "expediente": "integral", "data": "2020-04-23", "criado_em": "2020-04-22T13:16:02.344Z", "modificado_em": "2020-04-24T17:10:44.595Z", "deferido": true, "observacoes": "data de agendamento Anterior a data do pedido", "fruido": true, "criado_por": 1}}, {"model": "app.abono", "pk": 33, "fields": {"trabalhador": 3, "expediente": "integral", "data": "2020-04-24", "criado_em": "2020-04-23T18:10:50.308Z", "modificado_em": "2020-04-27T12:53:25.678Z", "deferido": true, "observacoes": "data de agendamento Anterior a data do pedido", "fruido": true, "criado_por": 2}}, {"model": "app.abono", "pk": 34, "fields": {"trabalhador": 5, "expediente": "integral", "data": "2020-04-28", "criado_em": "2020-04-24T17:10:56.669Z", "modificado_em": "2020-04-29T10:48:36.501Z", "deferido": true, "observacoes": "data de agendamento Anterior a data do pedido", "fruido": true, "criado_por": 1}}, {"model": "app.abono", "pk": 35, "fields": {"trabalhador": 27, "expediente": "integral", "data": "2020-05-05", "criado_em": "2020-05-04T11:04:15.677Z", "modificado_em": "2020-05-06T10:56:33.013Z", "deferido": true, "observacoes": "data de agendamento Anterior a data do pedido", "fruido": true, "criado_por": 1}}, {"model": "app.abono", "pk": 36, "fields": {"trabalhador": 5, "expediente": "integral", "data": "2020-05-08", "criado_em": "2020-05-04T12:44:40.742Z", "modificado_em": "2020-05-10T22:45:52.230Z", "deferido": true, "observacoes": "data de agendamento Anterior a data do pedido", "fruido": true, "criado_por": 1}}, {"model": "app.abono", "pk": 37, "fields": {"trabalhador": 4, "expediente": "integral", "data": "2020-05-11", "criado_em": "2020-05-12T19:19:39.801Z", "modificado_em": "2020-05-13T18:58:38.283Z", "deferido": true, "observacoes": "data de agendamento Anterior a data do pedido", "fruido": true, "criado_por": null}}, {"model": "app.abono", "pk": 38, "fields": {"trabalhador": 3, "expediente": "integral", "data": "2020-05-15", "criado_em": "2020-05-15T13:15:55.038Z", "modificado_em": "2020-05-18T14:07:50.880Z", "deferido": true, "observacoes": "data de agendamento Anterior a data do pedido", "fruido": true, "criado_por": 1}}, {"model": "app.abono", "pk": 39, "fields": {"trabalhador": 33, "expediente": "integral", "data": "2020-05-18", "criado_em": "2020-05-15T19:45:02.167Z", "modificado_em": "2020-05-19T10:58:55.318Z", "deferido": true, "observacoes": "data de agendamento Anterior a data do pedido", "fruido": true, "criado_por": 1}}, {"model": "app.abono", "pk": 40, "fields": {"trabalhador": 34, "expediente": "integral", "data": "2020-05-18", "criado_em": "2020-05-19T10:59:52.992Z", "modificado_em": "2020-05-19T11:03:58.807Z", "deferido": true, "observacoes": "data de agendamento Anterior a data do pedido", "fruido": true, "criado_por": null}}, {"model": "app.abono", "pk": 41, "fields": {"trabalhador": 6, "expediente": "integral", "data": "2020-05-25", "criado_em": "2020-05-20T17:34:13.330Z", "modificado_em": "2020-05-26T11:03:14.765Z", "deferido": true, "observacoes": "data de agendamento Anterior a data do pedido", "fruido": true, "criado_por": 1}}, {"model": "app.abono", "pk": 42, "fields": {"trabalhador": 6, "expediente": "integral", "data": "2020-06-10", "criado_em": "2020-05-20T17:34:33.224Z", "modificado_em": "2020-06-15T11:11:10.850Z", "deferido": true, "observacoes": "data de agendamento Anterior a data do pedido", "fruido": true, "criado_por": 1}}, {"model": "app.abono", "pk": 44, "fields": {"trabalhador": 9, "expediente": "integral", "data": "2020-05-22", "criado_em": "2020-05-21T11:44:02.780Z", "modificado_em": "2020-05-26T11:03:15.099Z", "deferido": true, "observacoes": "data de agendamento Anterior a data do pedido", "fruido": true, "criado_por": 1}}, {"model": "app.abono", "pk": 45, "fields": {"trabalhador": 24, "expediente": "integral", "data": "2020-05-22", "criado_em": "2020-05-21T17:36:01.824Z", "modificado_em": "2020-05-26T11:03:14.538Z", "deferido": true, "observacoes": "data de agendamento Anterior a data do pedido", "fruido": true, "criado_por": 2}}, {"model": "app.abono", "pk": 46, "fields": {"trabalhador": 37, "expediente": "integral", "data": "2020-05-29", "criado_em": "2020-05-28T19:20:12.076Z", "modificado_em": "2020-06-01T11:23:06.711Z", "deferido": true, "observacoes": "data de agendamento Anterior a data do pedido", "fruido": true, "criado_por": 1}}, {"model": "app.abono", "pk": 47, "fields": {"trabalhador": 2, "expediente": "integral", "data": "2020-05-29", "criado_em": "2020-05-28T19:38:08.069Z", "modificado_em": "2020-06-01T11:23:06.498Z", "deferido": true, "observacoes": "data de agendamento Anterior a data do pedido", "fruido": true, "criado_por": 1}}, {"model": "app.abono", "pk": 48, "fields": {"trabalhador": 25, "expediente": "integral", "data": "2020-06-04", "criado_em": "2020-06-03T13:40:01.436Z", "modificado_em": "2020-06-05T17:07:36.091Z", "deferido": true, "observacoes": "data de agendamento Anterior a data do pedido", "fruido": true, "criado_por": 1}}, {"model": "app.abono", "pk": 49, "fields": {"trabalhador": 5, "expediente": "integral", "data": "2020-06-08", "criado_em": "2020-06-05T17:08:00.854Z", "modificado_em": "2020-06-09T11:07:13.446Z", "deferido": true, "observacoes": "data de agendamento Anterior a data do pedido", "fruido": true, "criado_por": 1}}, {"model": "app.abono", "pk": 50, "fields": {"trabalhador": 34, "expediente": "integral", "data": "2020-06-08", "criado_em": "2020-06-05T17:08:21.999Z", "modificado_em": "2020-06-09T11:07:13.528Z", "deferido": true, "observacoes": "data de agendamento Anterior a data do pedido", "fruido": true, "criado_por": 1}}, {"model": "app.abono", "pk": 51, "fields": {"trabalhador": 2, "expediente": "integral", "data": "2020-06-15", "criado_em": "2020-06-10T16:46:28.377Z", "modificado_em": "2020-06-16T11:15:14.111Z", "deferido": true, "observacoes": "data de agendamento Anterior a data do pedido", "fruido": true, "criado_por": 1}}, {"model": "app.abono", "pk": 52, "fields": {"trabalhador": 31, "expediente": "integral", "data": "2020-06-15", "criado_em": "2020-06-10T18:27:10.332Z", "modificado_em": "2020-06-16T11:15:14.016Z", "deferido": true, "observacoes": "data de agendamento Anterior a data do pedido", "fruido": true, "criado_por": 1}}, {"model": "app.abono", "pk": 53, "fields": {"trabalhador": 27, "expediente": "integral", "data": "2020-06-16", "criado_em": "2020-06-15T12:27:27.290Z", "modificado_em": "2020-06-17T11:22:59.686Z", "deferido": true, "observacoes": "data de agendamento Anterior a data do pedido", "fruido": true, "criado_por": 1}}, {"model": "app.abono", "pk": 54, "fields": {"trabalhador": 11, "expediente": "integral", "data": "2020-06-19", "criado_em": "2020-06-15T14:49:08.585Z", "modificado_em": "2020-06-22T11:18:35.283Z", "deferido": true, "observacoes": "data de agendamento Anterior a data do pedido", "fruido": true, "criado_por": 1}}, {"model": "app.abono", "pk": 55, "fields": {"trabalhador": 32, "expediente": "integral", "data": "2020-06-17", "criado_em": "2020-06-15T19:51:32.406Z", "modificado_em": "2020-06-18T10:48:16.947Z", "deferido": true, "observacoes": "data de agendamento Anterior a data do pedido", "fruido": true, "criado_por": 1}}, {"model": "app.abono", "pk": 56, "fields": {"trabalhador": 38, "expediente": "integral", "data": "2020-06-19", "criado_em": "2020-06-19T10:57:30.500Z", "modificado_em": "2020-06-22T11:18:35.574Z", "deferido": true, "observacoes": "data de agendamento Anterior a data do pedido", "fruido": true, "criado_por": 2}}, {"model": "app.abono", "pk": 57, "fields": {"trabalhador": 3, "expediente": "integral", "data": "2020-06-15", "criado_em": "2020-06-19T11:12:20.410Z", "modificado_em": "2020-06-19T11:14:36.009Z", "deferido": true, "observacoes": "data de agendamento Anterior a data do pedido", "fruido": true, "criado_por": null}}, {"model": "app.abono", "pk": 58, "fields": {"trabalhador": 9, "expediente": "integral", "data": "2020-06-22", "criado_em": "2020-06-23T13:41:33.961Z", "modificado_em": "2020-06-24T11:11:29.945Z", "deferido": true, "observacoes": "data de agendamento Anterior a data do pedido", "fruido": true, "criado_por": null}}, {"model": "app.abono", "pk": 59, "fields": {"trabalhador": 8, "expediente": "integral", "data": "2020-06-25", "criado_em": "2020-06-26T13:16:40.622Z", "modificado_em": "2020-06-30T17:02:26.627Z", "deferido": true, "observacoes": "data de agendamento Anterior a data do pedido", "fruido": true, "criado_por": null}}, {"model": "app.abono", "pk": 60, "fields": {"trabalhador": 33, "expediente": "integral", "data": "2020-07-03", "criado_em": "2020-07-02T17:14:37.746Z", "modificado_em": "2020-07-06T10:54:38.354Z", "deferido": true, "observacoes": "data de agendamento Anterior a data do pedido", "fruido": true, "criado_por": 1}}, {"model": "app.abono", "pk": 61, "fields": {"trabalhador": 5, "expediente": "integral", "data": "2020-07-07", "criado_em": "2020-07-06T18:56:38.168Z", "modificado_em": "2020-07-09T12:45:04.837Z", "deferido": false, "observacoes": "f\u00e9rias, de 07/07/2020 \u00e0 21/07/2020, convergem com a data marcada", "fruido": true, "criado_por": 1}}, {"model": "app.abono", "pk": 62, "fields": {"trabalhador": 5, "expediente": "integral", "data": "2020-07-07", "criado_em": "2020-07-06T18:58:15.491Z", "modificado_em": "2020-07-09T12:45:04.853Z", "deferido": false, "observacoes": "f\u00e9rias, de 07/07/2020 \u00e0 21/07/2020, convergem com a data marcada", "fruido": true, "criado_por": 1}}, {"model": "app.abono", "pk": 63, "fields": {"trabalhador": 27, "expediente": "integral", "data": "2020-07-09", "criado_em": "2020-07-07T12:38:58.942Z", "modificado_em": "2020-07-10T02:26:02.921Z", "deferido": true, "observacoes": "data de agendamento Anterior a data do pedido", "fruido": true, "criado_por": 1}}, {"model": "app.abono", "pk": 64, "fields": {"trabalhador": 34, "expediente": "integral", "data": "2020-07-10", "criado_em": "2020-07-10T02:26:13.904Z", "modificado_em": "2020-07-13T10:59:46.789Z", "deferido": true, "observacoes": "data de agendamento Anterior a data do pedido", "fruido": true, "criado_por": 1}}, {"model": "app.abono", "pk": 65, "fields": {"trabalhador": 2, "expediente": "integral", "data": "2020-07-17", "criado_em": "2020-07-16T19:30:48.358Z", "modificado_em": "2020-07-18T10:45:59.568Z", "deferido": true, "observacoes": "data de agendamento Anterior a data do pedido", "fruido": true, "criado_por": 1}}, {"model": "app.abono", "pk": 66, "fields": {"trabalhador": 11, "expediente": "integral", "data": "2020-07-24", "criado_em": "2020-07-22T10:53:41.358Z", "modificado_em": "2020-07-25T10:07:51.676Z", "deferido": true, "observacoes": "data de agendamento Anterior a data do pedido", "fruido": true, "criado_por": 1}}, {"model": "app.abono", "pk": 67, "fields": {"trabalhador": 28, "expediente": "integral", "data": "2020-07-20", "criado_em": "2020-07-22T12:13:13.144Z", "modificado_em": "2020-07-22T13:45:42.290Z", "deferido": true, "observacoes": "data de agendamento Anterior a data do pedido", "fruido": true, "criado_por": null}}, {"model": "app.abono", "pk": 68, "fields": {"trabalhador": 4, "expediente": "integral", "data": "2020-07-24", "criado_em": "2020-07-30T18:22:42.626Z", "modificado_em": "2020-07-30T20:56:18.346Z", "deferido": true, "observacoes": "data de agendamento Anterior a data do pedido", "fruido": true, "criado_por": null}}, {"model": "app.abono", "pk": 69, "fields": {"trabalhador": 21, "expediente": "integral", "data": "2020-08-07", "criado_em": "2020-08-05T12:01:49.955Z", "modificado_em": "2020-08-10T11:13:49.757Z", "deferido": true, "observacoes": "data de agendamento Anterior a data do pedido", "fruido": true, "criado_por": 1}}, {"model": "app.abono", "pk": 70, "fields": {"trabalhador": 2, "expediente": "integral", "data": "2020-08-07", "criado_em": "2020-08-06T18:15:11.998Z", "modificado_em": "2020-08-10T11:13:49.467Z", "deferido": true, "observacoes": "data de agendamento Anterior a data do pedido", "fruido": true, "criado_por": 1}}, {"model": "app.abono", "pk": 71, "fields": {"trabalhador": 32, "expediente": "integral", "data": "2020-08-17", "criado_em": "2020-08-14T13:54:09.960Z", "modificado_em": "2020-08-18T11:00:17.224Z", "deferido": true, "observacoes": "data de agendamento Anterior a data do pedido", "fruido": true, "criado_por": 1}}, {"model": "app.abono", "pk": 72, "fields": {"trabalhador": 24, "expediente": "integral", "data": "2020-08-18", "criado_em": "2020-08-17T10:57:10.062Z", "modificado_em": "2020-08-19T10:57:37.475Z", "deferido": true, "observacoes": "data de agendamento Anterior a data do pedido", "fruido": true, "criado_por": 1}}, {"model": "app.abono", "pk": 73, "fields": {"trabalhador": 28, "expediente": "integral", "data": "2020-08-19", "criado_em": "2020-08-20T13:26:06.244Z", "modificado_em": "2020-08-21T12:27:25.053Z", "deferido": true, "observacoes": "data de agendamento Anterior a data do pedido", "fruido": true, "criado_por": null}}, {"model": "app.abono", "pk": 74, "fields": {"trabalhador": 34, "expediente": "integral", "data": "2020-08-21", "criado_em": "2020-08-21T12:27:42.745Z", "modificado_em": "2020-08-22T10:24:29.301Z", "deferido": true, "observacoes": "data de agendamento Anterior a data do pedido", "fruido": true, "criado_por": 1}}, {"model": "app.abono", "pk": 75, "fields": {"trabalhador": 37, "expediente": "integral", "data": "2020-08-31", "criado_em": "2020-09-01T10:58:35.397Z", "modificado_em": "2020-09-01T11:10:23.956Z", "deferido": true, "observacoes": "data de agendamento Anterior a data do pedido", "fruido": true, "criado_por": null}}, {"model": "app.abono", "pk": 76, "fields": {"trabalhador": 31, "expediente": "integral", "data": "2020-08-10", "criado_em": "2020-09-01T11:06:31.675Z", "modificado_em": "2020-09-01T11:10:23.563Z", "deferido": true, "observacoes": "data de agendamento Anterior a data do pedido", "fruido": true, "criado_por": null}}, {"model": "app.abono", "pk": 77, "fields": {"trabalhador": 8, "expediente": "integral", "data": "2020-09-08", "criado_em": "2020-09-09T13:40:28.425Z", "modificado_em": "2020-09-10T10:57:59.362Z", "deferido": true, "observacoes": "data de agendamento Anterior a data do pedido", "fruido": true, "criado_por": null}}, {"model": "app.abono", "pk": 78, "fields": {"trabalhador": 37, "expediente": "integral", "data": "2020-09-10", "criado_em": "2020-09-11T13:41:27.689Z", "modificado_em": "2020-09-14T11:46:11.554Z", "deferido": true, "observacoes": "data de agendamento Anterior a data do pedido", "fruido": true, "criado_por": null}}, {"model": "app.abono", "pk": 79, "fields": {"trabalhador": 20, "expediente": "integral", "data": "2020-09-16", "criado_em": "2020-09-14T11:46:25.126Z", "modificado_em": "2020-09-17T10:56:19.186Z", "deferido": true, "observacoes": "data de agendamento Anterior a data do pedido", "fruido": true, "criado_por": 1}}, {"model": "app.abono", "pk": 81, "fields": {"trabalhador": 35, "expediente": "integral", "data": "2020-09-22", "criado_em": "2020-09-21T12:09:40.252Z", "modificado_em": "2020-09-23T10:55:27.111Z", "deferido": true, "observacoes": "data de agendamento Anterior a data do pedido", "fruido": true, "criado_por": 1}}, {"model": "app.abono", "pk": 82, "fields": {"trabalhador": 11, "expediente": "integral", "data": "2020-09-25", "criado_em": "2020-09-21T17:37:46.842Z", "modificado_em": "2020-10-06T11:02:11.331Z", "deferido": true, "observacoes": "data de agendamento Anterior a data do pedido", "fruido": true, "criado_por": 1}}, {"model": "app.abono", "pk": 83, "fields": {"trabalhador": 12, "expediente": "integral", "data": "2020-09-30", "criado_em": "2020-09-23T20:26:44.177Z", "modificado_em": "2020-10-06T11:02:12.109Z", "deferido": true, "observacoes": "data de agendamento Anterior a data do pedido", "fruido": true, "criado_por": 1}}, {"model": "app.abono", "pk": 84, "fields": {"trabalhador": 9, "expediente": "integral", "data": "2020-09-25", "criado_em": "2020-09-24T14:24:25.869Z", "modificado_em": "2020-10-06T11:02:12.303Z", "deferido": true, "observacoes": "data de agendamento Anterior a data do pedido", "fruido": true, "criado_por": 1}}, {"model": "app.abono", "pk": 85, "fields": {"trabalhador": 24, "expediente": "integral", "data": "2020-09-28", "criado_em": "2020-09-25T16:36:09.128Z", "modificado_em": "2020-10-06T11:02:11.850Z", "deferido": true, "observacoes": "data de agendamento Anterior a data do pedido", "fruido": true, "criado_por": 1}}, {"model": "app.abono", "pk": 86, "fields": {"trabalhador": 13, "expediente": "integral", "data": "2020-10-02", "criado_em": "2020-10-07T11:54:56.535Z", "modificado_em": "2020-10-07T11:57:03.776Z", "deferido": true, "observacoes": "data de agendamento Anterior a data do pedido", "fruido": true, "criado_por": null}}, {"model": "app.abono", "pk": 87, "fields": {"trabalhador": 8, "expediente": "integral", "data": "2020-10-02", "criado_em": "2020-10-07T11:55:23.371Z", "modificado_em": "2020-10-07T11:57:04.897Z", "deferido": true, "observacoes": "data de agendamento Anterior a data do pedido", "fruido": true, "criado_por": null}}, {"model": "app.abono", "pk": 88, "fields": {"trabalhador": 21, "expediente": "integral", "data": "2020-10-02", "criado_em": "2020-10-07T11:56:17.221Z", "modificado_em": "2020-10-07T11:57:04.950Z", "deferido": true, "observacoes": "data de agendamento Anterior a data do pedido", "fruido": true, "criado_por": null}}, {"model": "app.abono", "pk": 119, "fields": {"trabalhador": 6, "expediente": "integral", "data": "2020-10-19", "criado_em": "2020-10-14T11:15:08.625Z", "modificado_em": "2020-10-20T17:05:10.916Z", "deferido": true, "observacoes": "data de agendamento Anterior a data do pedido", "fruido": true, "criado_por": 2}}, {"model": "app.abono", "pk": 120, "fields": {"trabalhador": 34, "expediente": "integral", "data": "2020-10-13", "criado_em": "2020-10-14T12:02:37.318Z", "modificado_em": "2020-10-14T12:02:48.483Z", "deferido": true, "observacoes": "data de agendamento Anterior a data do pedido", "fruido": true, "criado_por": null}}, {"model": "app.abono", "pk": 121, "fields": {"trabalhador": 12, "expediente": "integral", "data": "2020-10-22", "criado_em": "2020-10-14T19:33:06.338Z", "modificado_em": "2020-10-26T12:32:09.515Z", "deferido": true, "observacoes": "data de agendamento Anterior a data do pedido", "fruido": true, "criado_por": 1}}, {"model": "app.abono", "pk": 122, "fields": {"trabalhador": 11, "expediente": "integral", "data": "2020-10-30", "criado_em": "2020-10-19T11:06:22.519Z", "modificado_em": "2020-11-03T11:02:52.837Z", "deferido": true, "observacoes": "data de agendamento Anterior a data do pedido", "fruido": true, "criado_por": 2}}, {"model": "app.abono", "pk": 123, "fields": {"trabalhador": 4, "expediente": "integral", "data": "2020-10-29", "criado_em": "2020-10-28T18:05:31.086Z", "modificado_em": "2020-11-03T11:02:53.064Z", "deferido": true, "observacoes": "data de agendamento Anterior a data do pedido", "fruido": true, "criado_por": 2}}, {"model": "app.abono", "pk": 124, "fields": {"trabalhador": 8, "expediente": "integral", "data": "2020-11-03", "criado_em": "2020-11-04T18:02:08.390Z", "modificado_em": "2020-11-04T18:07:15.163Z", "deferido": true, "observacoes": "data de agendamento Anterior a data do pedido", "fruido": true, "criado_por": null}}, {"model": "app.abono", "pk": 125, "fields": {"trabalhador": 9, "expediente": "integral", "data": "2020-11-03", "criado_em": "2020-11-06T11:11:17.053Z", "modificado_em": "2020-11-09T11:12:37.955Z", "deferido": true, "observacoes": "data de agendamento Anterior a data do pedido", "fruido": true, "criado_por": null}}, {"model": "app.abono", "pk": 126, "fields": {"trabalhador": 20, "expediente": "integral", "data": "2020-11-09", "criado_em": "2020-11-06T12:49:26.477Z", "modificado_em": "2020-11-10T10:53:51.593Z", "deferido": true, "observacoes": "data de agendamento Anterior a data do pedido", "fruido": true, "criado_por": 1}}, {"model": "app.abono", "pk": 127, "fields": {"trabalhador": 25, "expediente": "integral", "data": "2020-11-05", "criado_em": "2020-11-10T13:56:55.568Z", "modificado_em": "2020-11-10T13:57:15.525Z", "deferido": true, "observacoes": "data de agendamento Anterior a data do pedido", "fruido": true, "criado_por": null}}, {"model": "app.abono", "pk": 128, "fields": {"trabalhador": 6, "expediente": "integral", "data": "2020-11-23", "criado_em": "2020-11-11T11:13:11.802Z", "modificado_em": "2020-11-24T12:01:56.353Z", "deferido": true, "observacoes": "data de agendamento Anterior a data do pedido", "fruido": true, "criado_por": 1}}, {"model": "app.abono", "pk": 130, "fields": {"trabalhador": 35, "expediente": "integral", "data": "2020-11-16", "criado_em": "2020-11-12T11:43:00.066Z", "modificado_em": "2020-11-17T10:56:15.958Z", "deferido": true, "observacoes": "data de agendamento Anterior a data do pedido", "fruido": true, "criado_por": 1}}, {"model": "app.abono", "pk": 131, "fields": {"trabalhador": 33, "expediente": "integral", "data": "2020-11-13", "criado_em": "2020-11-12T11:50:45.349Z", "modificado_em": "2020-11-17T10:56:15.550Z", "deferido": true, "observacoes": "data de agendamento Anterior a data do pedido", "fruido": true, "criado_por": 1}}, {"model": "app.abono", "pk": 132, "fields": {"trabalhador": 42, "expediente": "matutino", "data": "2020-11-11", "criado_em": "2020-11-13T16:59:34.644Z", "modificado_em": "2020-11-13T17:01:42.040Z", "deferido": true, "observacoes": "data de agendamento Anterior a data do pedido", "fruido": true, "criado_por": null}}, {"model": "app.abono", "pk": 133, "fields": {"trabalhador": 34, "expediente": "integral", "data": "2021-01-04", "criado_em": "2020-11-17T10:57:42.964Z", "modificado_em": "2020-12-22T19:55:11.777Z", "deferido": false, "observacoes": "limite de seis abonos por ano j\u00e1 atingido", "fruido": true, "criado_por": null}}, {"model": "app.abono", "pk": 134, "fields": {"trabalhador": 11, "expediente": "integral", "data": "2020-11-27", "criado_em": "2020-11-23T14:10:51.399Z", "modificado_em": "2020-11-30T11:17:02.319Z", "deferido": true, "observacoes": "data de agendamento Anterior a data do pedido", "fruido": true, "criado_por": 1}}, {"model": "app.abono", "pk": 135, "fields": {"trabalhador": 4, "expediente": "integral", "data": "2020-11-23", "criado_em": "2020-11-25T11:57:54.973Z", "modificado_em": "2020-11-25T13:36:15.773Z", "deferido": true, "observacoes": "data de agendamento Anterior a data do pedido", "fruido": true, "criado_por": null}}, {"model": "app.abono", "pk": 136, "fields": {"trabalhador": 24, "expediente": "integral", "data": "2020-11-26", "criado_em": "2020-11-25T18:59:09.787Z", "modificado_em": "2020-11-27T11:23:59.051Z", "deferido": true, "observacoes": "data de agendamento Anterior a data do pedido", "fruido": true, "criado_por": 1}}, {"model": "app.abono", "pk": 137, "fields": {"trabalhador": 32, "expediente": "integral", "data": "2020-11-30", "criado_em": "2020-11-27T14:11:03.134Z", "modificado_em": "2020-12-01T13:08:53.073Z", "deferido": true, "observacoes": "data de agendamento Anterior a data do pedido", "fruido": true, "criado_por": 1}}, {"model": "app.abono", "pk": 138, "fields": {"trabalhador": 32, "expediente": "integral", "data": "2020-12-01", "criado_em": "2020-11-27T14:11:50.815Z", "modificado_em": "2020-12-02T13:12:24.527Z", "deferido": true, "observacoes": "data de agendamento Anterior a data do pedido", "fruido": true, "criado_por": 1}}, {"model": "app.abono", "pk": 139, "fields": {"trabalhador": 37, "expediente": "integral", "data": "2020-11-30", "criado_em": "2020-11-27T19:32:42.406Z", "modificado_em": "2020-12-01T13:08:53.582Z", "deferido": true, "observacoes": "data de agendamento Anterior a data do pedido", "fruido": true, "criado_por": 1}}, {"model": "app.abono", "pk": 140, "fields": {"trabalhador": 7, "expediente": "integral", "data": "2020-12-01", "criado_em": "2020-12-02T18:41:29.487Z", "modificado_em": "2020-12-03T11:24:34.508Z", "deferido": true, "observacoes": "data de agendamento Anterior a data do pedido", "fruido": true, "criado_por": null}}, {"model": "app.abono", "pk": 141, "fields": {"trabalhador": 25, "expediente": "integral", "data": "2020-12-04", "criado_em": "2020-12-03T11:32:54.754Z", "modificado_em": "2020-12-05T11:36:42.188Z", "deferido": true, "observacoes": "data de agendamento Anterior a data do pedido", "fruido": true, "criado_por": 1}}, {"model": "app.abono", "pk": 142, "fields": {"trabalhador": 27, "expediente": "integral", "data": "2020-12-04", "criado_em": "2020-12-03T19:06:19.340Z", "modificado_em": "2020-12-05T11:36:42.292Z", "deferido": true, "observacoes": "data de agendamento Anterior a data do pedido", "fruido": true, "criado_por": 1}}, {"model": "app.abono", "pk": 175, "fields": {"trabalhador": 21, "expediente": "integral", "data": "2020-12-21", "criado_em": "2020-12-10T12:46:36.974Z", "modificado_em": "2020-12-22T11:03:07.695Z", "deferido": true, "observacoes": "data de agendamento Anterior a data do pedido", "fruido": true, "criado_por": 1}}, {"model": "app.abono", "pk": 176, "fields": {"trabalhador": 11, "expediente": "integral", "data": "2020-12-14", "criado_em": "2020-12-11T18:15:36.715Z", "modificado_em": "2020-12-15T13:04:40.114Z", "deferido": true, "observacoes": "data de agendamento Anterior a data do pedido", "fruido": true, "criado_por": 1}}, {"model": "app.abono", "pk": 177, "fields": {"trabalhador": 37, "expediente": "integral", "data": "2020-12-21", "criado_em": "2020-12-17T19:19:26.213Z", "modificado_em": "2020-12-22T11:03:07.173Z", "deferido": true, "observacoes": "data de agendamento Anterior a data do pedido", "fruido": true, "criado_por": 1}}, {"model": "app.abono", "pk": 178, "fields": {"trabalhador": 6, "expediente": "integral", "data": "2020-12-23", "criado_em": "2020-12-22T14:55:38.186Z", "modificado_em": "2020-12-28T12:41:45.669Z", "deferido": true, "observacoes": "data de agendamento Anterior a data do pedido", "fruido": true, "criado_por": 1}}, {"model": "app.abono", "pk": 179, "fields": {"trabalhador": 17, "expediente": "integral", "data": "2020-12-30", "criado_em": "2020-12-22T19:29:43.051Z", "modificado_em": "2021-01-04T17:30:48.023Z", "deferido": true, "observacoes": "data de agendamento Anterior a data do pedido", "fruido": true, "criado_por": 1}}, {"model": "app.abono", "pk": 180, "fields": {"trabalhador": 17, "expediente": "integral", "data": "2021-01-04", "criado_em": "2020-12-22T19:33:27.525Z", "modificado_em": "2021-01-05T13:18:20.783Z", "deferido": true, "observacoes": "data de agendamento Anterior a data do pedido", "fruido": true, "criado_por": 1}}, {"model": "app.abono", "pk": 182, "fields": {"trabalhador": 42, "expediente": "integral", "data": "2021-04-19", "criado_em": "2020-12-22T19:52:49.115Z", "modificado_em": "2021-04-22T12:37:40.657Z", "deferido": true, "observacoes": "data de agendamento Anterior a data do pedido", "fruido": true, "criado_por": 1}}, {"model": "app.abono", "pk": 183, "fields": {"trabalhador": 42, "expediente": "integral", "data": "2021-05-05", "criado_em": "2020-12-22T19:53:56.771Z", "modificado_em": "2020-12-22T19:53:56.786Z", "deferido": true, "observacoes": "", "fruido": false, "criado_por": 1}}, {"model": "app.abono", "pk": 185, "fields": {"trabalhador": 12, "expediente": "integral", "data": "2020-12-28", "criado_em": "2020-12-28T12:42:20.589Z", "modificado_em": "2020-12-29T17:17:23.151Z", "deferido": true, "observacoes": "data de agendamento Anterior a data do pedido", "fruido": true, "criado_por": 1}}, {"model": "app.abono", "pk": 186, "fields": {"trabalhador": 26, "expediente": "integral", "data": "2020-12-30", "criado_em": "2020-12-28T14:36:40.933Z", "modificado_em": "2021-01-04T17:30:47.687Z", "deferido": true, "observacoes": "data de agendamento Anterior a data do pedido", "fruido": true, "criado_por": 1}}, {"model": "app.abono", "pk": 187, "fields": {"trabalhador": 26, "expediente": "integral", "data": "2021-01-04", "criado_em": "2020-12-28T14:37:05.516Z", "modificado_em": "2021-01-05T13:18:20.661Z", "deferido": true, "observacoes": "data de agendamento Anterior a data do pedido", "fruido": true, "criado_por": 1}}, {"model": "app.abono", "pk": 188, "fields": {"trabalhador": 2, "expediente": "integral", "data": "2020-12-30", "criado_em": "2020-12-29T17:17:35.129Z", "modificado_em": "2021-01-04T17:30:47.729Z", "deferido": true, "observacoes": "data de agendamento Anterior a data do pedido", "fruido": true, "criado_por": 1}}, {"model": "app.abono", "pk": 189, "fields": {"trabalhador": 2, "expediente": "integral", "data": "2020-12-30", "criado_em": "2020-12-29T17:17:55.197Z", "modificado_em": "2021-01-04T17:30:47.776Z", "deferido": false, "observacoes": "abono em 30/12/2020, converge com a data marcada", "fruido": true, "criado_por": 1}}, {"model": "app.abono", "pk": 190, "fields": {"trabalhador": 4, "expediente": "integral", "data": "2020-12-28", "criado_em": "2020-12-30T16:52:20.099Z", "modificado_em": "2020-12-30T16:53:13.744Z", "deferido": true, "observacoes": "data de agendamento Anterior a data do pedido", "fruido": true, "criado_por": null}}, {"model": "app.abono", "pk": 223, "fields": {"trabalhador": 23, "expediente": "vespertino", "data": "2021-01-05", "criado_em": "2021-01-05T13:18:37.503Z", "modificado_em": "2021-01-06T11:22:20.106Z", "deferido": true, "observacoes": "data de agendamento Anterior a data do pedido", "fruido": true, "criado_por": 1}}, {"model": "app.abono", "pk": 224, "fields": {"trabalhador": 4, "expediente": "integral", "data": "2021-01-04", "criado_em": "2021-01-08T19:24:31.177Z", "modificado_em": "2021-01-11T10:57:29.828Z", "deferido": true, "observacoes": "data de agendamento Anterior a data do pedido", "fruido": true, "criado_por": null}}, {"model": "app.abono", "pk": 225, "fields": {"trabalhador": 24, "expediente": "integral", "data": "2021-01-13", "criado_em": "2021-01-13T12:39:14.857Z", "modificado_em": "2021-01-14T10:21:05.103Z", "deferido": true, "observacoes": "data de agendamento Anterior a data do pedido", "fruido": true, "criado_por": 1}}, {"model": "app.abono", "pk": 226, "fields": {"trabalhador": 42, "expediente": "matutino", "data": "2021-01-11", "criado_em": "2021-01-13T12:40:00.022Z", "modificado_em": "2021-01-13T12:47:05.083Z", "deferido": true, "observacoes": "data de agendamento Anterior a data do pedido", "fruido": true, "criado_por": null}}, {"model": "app.abono", "pk": 227, "fields": {"trabalhador": 15, "expediente": "integral", "data": "2021-01-13", "criado_em": "2021-01-15T17:15:21.741Z", "modificado_em": "2021-01-18T13:31:27.488Z", "deferido": true, "observacoes": "data de agendamento Anterior a data do pedido", "fruido": true, "criado_por": null}}, {"model": "app.abono", "pk": 228, "fields": {"trabalhador": 9, "expediente": "integral", "data": "2021-01-18", "criado_em": "2021-01-20T13:31:43.047Z", "modificado_em": "2021-01-20T13:33:08.493Z", "deferido": true, "observacoes": "data de agendamento Anterior a data do pedido", "fruido": true, "criado_por": 1}}, {"model": "app.abono", "pk": 229, "fields": {"trabalhador": 21, "expediente": "integral", "data": "2021-01-29", "criado_em": "2021-01-21T11:03:29.652Z", "modificado_em": "2021-02-01T11:09:21.648Z", "deferido": true, "observacoes": "data de agendamento Anterior a data do pedido", "fruido": true, "criado_por": 1}}, {"model": "app.abono", "pk": 230, "fields": {"trabalhador": 37, "expediente": "integral", "data": "2021-01-25", "criado_em": "2021-01-26T12:44:14.082Z", "modificado_em": "2021-01-26T13:49:33.864Z", "deferido": true, "observacoes": "data de agendamento Anterior a data do pedido", "fruido": true, "criado_por": 1}}, {"model": "app.abono", "pk": 231, "fields": {"trabalhador": 2, "expediente": "integral", "data": "2021-02-02", "criado_em": "2021-02-01T18:31:50.471Z", "modificado_em": "2021-02-03T10:59:18.263Z", "deferido": true, "observacoes": "data de agendamento Anterior a data do pedido", "fruido": true, "criado_por": 1}}, {"model": "app.abono", "pk": 232, "fields": {"trabalhador": 23, "expediente": "integral", "data": "2021-02-02", "criado_em": "2021-02-03T10:59:53.614Z", "modificado_em": "2021-02-03T11:00:51.572Z", "deferido": true, "observacoes": "data de agendamento Anterior a data do pedido", "fruido": true, "criado_por": 1}}, {"model": "app.abono", "pk": 233, "fields": {"trabalhador": 34, "expediente": "integral", "data": "2021-02-02", "criado_em": "2021-02-03T11:01:57.195Z", "modificado_em": "2021-02-03T12:30:45.483Z", "deferido": true, "observacoes": "data de agendamento Anterior a data do pedido", "fruido": true, "criado_por": 1}}, {"model": "app.abono", "pk": 234, "fields": {"trabalhador": 29, "expediente": "integral", "data": "2021-02-05", "criado_em": "2021-02-04T18:53:29.280Z", "modificado_em": "2021-02-08T10:37:32.688Z", "deferido": true, "observacoes": "data de agendamento Anterior a data do pedido", "fruido": true, "criado_por": 1}}, {"model": "app.abono", "pk": 236, "fields": {"trabalhador": 25, "expediente": "integral", "data": "2021-02-01", "criado_em": "2021-02-04T19:49:42.851Z", "modificado_em": "2021-02-05T13:02:27.576Z", "deferido": true, "observacoes": "data de agendamento Anterior a data do pedido", "fruido": true, "criado_por": 1}}, {"model": "app.abono", "pk": 237, "fields": {"trabalhador": 15, "expediente": "integral", "data": "2021-02-19", "criado_em": "2021-02-18T17:24:15.715Z", "modificado_em": "2021-02-22T12:30:05.796Z", "deferido": true, "observacoes": "data de agendamento Anterior a data do pedido", "fruido": true, "criado_por": 1}}, {"model": "app.abono", "pk": 238, "fields": {"trabalhador": 6, "expediente": "integral", "data": "2021-03-08", "criado_em": "2021-03-08T18:33:52.542Z", "modificado_em": "2021-03-11T12:02:41.495Z", "deferido": true, "observacoes": "data de agendamento Anterior a data do pedido", "fruido": true, "criado_por": 2}}, {"model": "app.abono", "pk": 239, "fields": {"trabalhador": 16, "expediente": "integral", "data": "2021-03-26", "criado_em": "2021-03-22T18:28:33.583Z", "modificado_em": "2021-03-27T11:21:04.347Z", "deferido": true, "observacoes": "data de agendamento Anterior a data do pedido", "fruido": true, "criado_por": 2}}, {"model": "app.abono", "pk": 240, "fields": {"trabalhador": 23, "expediente": "vespertino", "data": "2021-03-25", "criado_em": "2021-03-25T13:14:37.940Z", "modificado_em": "2021-03-26T10:47:31.784Z", "deferido": true, "observacoes": "data de agendamento Anterior a data do pedido", "fruido": true, "criado_por": 2}}, {"model": "app.abono", "pk": 241, "fields": {"trabalhador": 39, "expediente": "vespertino", "data": "2021-04-01", "criado_em": "2021-04-01T14:48:05.700Z", "modificado_em": "2021-04-05T10:45:04.582Z", "deferido": true, "observacoes": "data de agendamento Anterior a data do pedido", "fruido": true, "criado_por": 2}}, {"model": "app.abono", "pk": 242, "fields": {"trabalhador": 11, "expediente": "integral", "data": "2021-04-09", "criado_em": "2021-04-05T10:51:45.276Z", "modificado_em": "2021-04-10T11:08:46.480Z", "deferido": true, "observacoes": "data de agendamento Anterior a data do pedido", "fruido": true, "criado_por": 2}}, {"model": "app.abono", "pk": 243, "fields": {"trabalhador": 2, "expediente": "integral", "data": "2021-04-16", "criado_em": "2021-04-13T19:49:01.240Z", "modificado_em": "2021-04-17T11:42:48.779Z", "deferido": true, "observacoes": "data de agendamento Anterior a data do pedido", "fruido": true, "criado_por": 2}}, {"model": "app.abono", "pk": 244, "fields": {"trabalhador": 21, "expediente": "integral", "data": "2021-04-15", "criado_em": "2021-04-15T19:06:56.392Z", "modificado_em": "2021-04-16T13:16:05.929Z", "deferido": true, "observacoes": "data de agendamento Anterior a data do pedido", "fruido": true, "criado_por": 2}}, {"model": "app.abono", "pk": 245, "fields": {"trabalhador": 24, "expediente": "vespertino", "data": "2021-04-22", "criado_em": "2021-04-22T12:38:56.711Z", "modificado_em": "2021-04-23T11:17:36.523Z", "deferido": true, "observacoes": "data de agendamento Anterior a data do pedido", "fruido": true, "criado_por": 2}}, {"model": "app.abono", "pk": 246, "fields": {"trabalhador": 28, "expediente": "integral", "data": "2021-04-23", "criado_em": "2021-04-30T11:37:36.975Z", "modificado_em": "2021-04-30T12:26:07.887Z", "deferido": true, "observacoes": "data de agendamento Anterior a data do pedido", "fruido": true, "criado_por": 2}}, {"model": "app.linharelatorio", "pk": 1, "fields": {"trabalhador": 11, "horas_extras": 0.0, "adicional_noturno": 0.0, "faltas": 0, "criado_em": "2020-07-13T19:09:22.563Z", "modificado_em": "2020-07-14T14:29:58.489Z"}}, {"model": "app.linharelatorio", "pk": 2, "fields": {"trabalhador": 13, "horas_extras": 0.0, "adicional_noturno": 0.0, "faltas": 0, "criado_em": "2020-07-13T19:09:22.600Z", "modificado_em": "2020-07-14T14:29:58.504Z"}}, {"model": "app.linharelatorio", "pk": 3, "fields": {"trabalhador": 30, "horas_extras": 118.0, "adicional_noturno": 0.0, "faltas": 0, "criado_em": "2020-07-13T19:09:22.626Z", "modificado_em": "2020-07-14T14:29:58.518Z"}}, {"model": "app.linharelatorio", "pk": 4, "fields": {"trabalhador": 28, "horas_extras": 8.0, "adicional_noturno": 0.0, "faltas": 0, "criado_em": "2020-07-13T19:09:22.652Z", "modificado_em": "2020-07-14T14:29:58.531Z"}}, {"model": "app.linharelatorio", "pk": 5, "fields": {"trabalhador": 31, "horas_extras": 0.0, "adicional_noturno": 0.0, "faltas": 0, "criado_em": "2020-07-13T19:09:22.696Z", "modificado_em": "2020-07-14T14:29:58.542Z"}}, {"model": "app.linharelatorio", "pk": 6, "fields": {"trabalhador": 41, "horas_extras": 0.0, "adicional_noturno": 0.0, "faltas": 0, "criado_em": "2020-07-13T19:09:22.718Z", "modificado_em": "2020-07-14T14:29:58.553Z"}}, {"model": "app.linharelatorio", "pk": 7, "fields": {"trabalhador": null, "horas_extras": 0.0, "adicional_noturno": 0.0, "faltas": 0, "criado_em": "2020-07-13T19:09:22.741Z", "modificado_em": "2020-07-14T14:29:58.564Z"}}, {"model": "app.linharelatorio", "pk": 8, "fields": {"trabalhador": 16, "horas_extras": 60.0, "adicional_noturno": 0.0, "faltas": 0, "criado_em": "2020-07-13T19:09:22.759Z", "modificado_em": "2020-07-14T14:29:58.575Z"}}, {"model": "app.linharelatorio", "pk": 9, "fields": {"trabalhador": 25, "horas_extras": 29.5, "adicional_noturno": 0.0, "faltas": 0, "criado_em": "2020-07-13T19:09:22.791Z", "modificado_em": "2020-07-14T14:29:58.585Z"}}, {"model": "app.linharelatorio", "pk": 10, "fields": {"trabalhador": 32, "horas_extras": 60.5, "adicional_noturno": 0.0, "faltas": 0, "criado_em": "2020-07-13T19:09:22.832Z", "modificado_em": "2020-07-14T14:29:58.597Z"}}, {"model": "app.linharelatorio", "pk": 11, "fields": {"trabalhador": 33, "horas_extras": 9.5, "adicional_noturno": 0.5, "faltas": 0, "criado_em": "2020-07-13T19:09:22.852Z", "modificado_em": "2020-07-14T14:29:58.607Z"}}, {"model": "app.linharelatorio", "pk": 12, "fields": {"trabalhador": 5, "horas_extras": 69.5, "adicional_noturno": 31.4, "faltas": 0, "criado_em": "2020-07-13T19:09:22.887Z", "modificado_em": "2020-07-14T14:29:58.620Z"}}, {"model": "app.linharelatorio", "pk": 13, "fields": {"trabalhador": 22, "horas_extras": 38.5, "adicional_noturno": 0.0, "faltas": 0, "criado_em": "2020-07-13T19:09:22.917Z", "modificado_em": "2020-07-14T14:29:58.631Z"}}, {"model": "app.linharelatorio", "pk": 14, "fields": {"trabalhador": 26, "horas_extras": 23.5, "adicional_noturno": 2.2, "faltas": 0, "criado_em": "2020-07-13T19:09:22.935Z", "modificado_em": "2020-07-14T14:29:58.642Z"}}, {"model": "app.linharelatorio", "pk": 15, "fields": {"trabalhador": 2, "horas_extras": 0.0, "adicional_noturno": 0.0, "faltas": 0, "criado_em": "2020-07-13T19:09:22.951Z", "modificado_em": "2020-07-14T14:29:58.652Z"}}, {"model": "app.linharelatorio", "pk": 16, "fields": {"trabalhador": 20, "horas_extras": 18.5, "adicional_noturno": 0.0, "faltas": 0, "criado_em": "2020-07-13T19:09:22.969Z", "modificado_em": "2020-07-14T14:29:58.662Z"}}, {"model": "app.linharelatorio", "pk": 17, "fields": {"trabalhador": 27, "horas_extras": 99.5, "adicional_noturno": 0.0, "faltas": 0, "criado_em": "2020-07-13T19:09:22.986Z", "modificado_em": "2020-07-14T14:29:58.672Z"}}, {"model": "app.linharelatorio", "pk": 18, "fields": {"trabalhador": 34, "horas_extras": 0.0, "adicional_noturno": 0.0, "faltas": 0, "criado_em": "2020-07-13T19:09:23.003Z", "modificado_em": "2020-07-14T14:29:58.683Z"}}, {"model": "app.linharelatorio", "pk": 19, "fields": {"trabalhador": 4, "horas_extras": 104.0, "adicional_noturno": 3.4, "faltas": 0, "criado_em": "2020-07-13T19:09:23.026Z", "modificado_em": "2020-07-14T14:29:58.694Z"}}, {"model": "app.linharelatorio", "pk": 20, "fields": {"trabalhador": 17, "horas_extras": 68.0, "adicional_noturno": 8.0, "faltas": 0, "criado_em": "2020-07-13T19:09:23.044Z", "modificado_em": "2020-07-14T14:29:58.704Z"}}, {"model": "app.linharelatorio", "pk": 21, "fields": {"trabalhador": 35, "horas_extras": 25.5, "adicional_noturno": 4.0, "faltas": 0, "criado_em": "2020-07-13T19:09:23.069Z", "modificado_em": "2020-07-14T14:29:58.714Z"}}, {"model": "app.linharelatorio", "pk": 22, "fields": {"trabalhador": 24, "horas_extras": 107.0, "adicional_noturno": 0.5, "faltas": 0, "criado_em": "2020-07-13T19:09:23.089Z", "modificado_em": "2020-07-14T14:29:58.724Z"}}, {"model": "app.linharelatorio", "pk": 23, "fields": {"trabalhador": null, "horas_extras": 121.0, "adicional_noturno": 44.5, "faltas": 0, "criado_em": "2020-07-13T19:09:23.110Z", "modificado_em": "2020-07-14T14:29:58.733Z"}}, {"model": "app.linharelatorio", "pk": 24, "fields": {"trabalhador": null, "horas_extras": 0.0, "adicional_noturno": 0.0, "faltas": 0, "criado_em": "2020-07-13T19:09:23.129Z", "modificado_em": "2020-07-14T14:29:58.744Z"}}, {"model": "app.linharelatorio", "pk": 25, "fields": {"trabalhador": 36, "horas_extras": 0.0, "adicional_noturno": 0.0, "faltas": 0, "criado_em": "2020-07-13T19:09:23.151Z", "modificado_em": "2020-07-14T14:29:58.754Z"}}, {"model": "app.linharelatorio", "pk": 26, "fields": {"trabalhador": 6, "horas_extras": 0.0, "adicional_noturno": 0.0, "faltas": 0, "criado_em": "2020-07-13T19:09:23.172Z", "modificado_em": "2020-07-14T14:29:58.765Z"}}, {"model": "app.linharelatorio", "pk": 27, "fields": {"trabalhador": 15, "horas_extras": 137.5, "adicional_noturno": 4.0, "faltas": 0, "criado_em": "2020-07-13T19:09:23.191Z", "modificado_em": "2020-07-14T14:29:58.776Z"}}, {"model": "app.linharelatorio", "pk": 28, "fields": {"trabalhador": 37, "horas_extras": 63.0, "adicional_noturno": 14.2, "faltas": 0, "criado_em": "2020-07-13T19:09:23.210Z", "modificado_em": "2020-07-14T14:29:58.786Z"}}, {"model": "app.linharelatorio", "pk": 29, "fields": {"trabalhador": 29, "horas_extras": 127.5, "adicional_noturno": 44.0, "faltas": 0, "criado_em": "2020-07-13T19:09:23.231Z", "modificado_em": "2020-07-14T14:29:58.796Z"}}, {"model": "app.linharelatorio", "pk": 30, "fields": {"trabalhador": 38, "horas_extras": 127.5, "adicional_noturno": 20.5, "faltas": 0, "criado_em": "2020-07-13T19:09:23.253Z", "modificado_em": "2020-07-14T14:29:58.807Z"}}, {"model": "app.linharelatorio", "pk": 31, "fields": {"trabalhador": 12, "horas_extras": 61.0, "adicional_noturno": 9.1, "faltas": 0, "criado_em": "2020-07-13T19:09:23.277Z", "modificado_em": "2020-07-14T14:29:58.817Z"}}, {"model": "app.linharelatorio", "pk": 32, "fields": {"trabalhador": 23, "horas_extras": 32.5, "adicional_noturno": 0.0, "faltas": 0, "criado_em": "2020-07-13T19:09:23.304Z", "modificado_em": "2020-07-14T14:29:58.827Z"}}, {"model": "app.linharelatorio", "pk": 33, "fields": {"trabalhador": 39, "horas_extras": 68.0, "adicional_noturno": 6.8, "faltas": 0, "criado_em": "2020-07-13T19:09:23.335Z", "modificado_em": "2020-07-14T14:29:58.837Z"}}, {"model": "app.linharelatorio", "pk": 34, "fields": {"trabalhador": 3, "horas_extras": 32.0, "adicional_noturno": 0.0, "faltas": 0, "criado_em": "2020-07-13T19:09:23.365Z", "modificado_em": "2020-07-14T14:29:58.848Z"}}, {"model": "app.linharelatorio", "pk": 35, "fields": {"trabalhador": 19, "horas_extras": 42.0, "adicional_noturno": 0.0, "faltas": 0, "criado_em": "2020-07-13T19:09:23.389Z", "modificado_em": "2020-07-14T14:29:58.858Z"}}, {"model": "app.linharelatorio", "pk": 36, "fields": {"trabalhador": 7, "horas_extras": 161.5, "adicional_noturno": 19.0, "faltas": 0, "criado_em": "2020-07-13T19:09:23.438Z", "modificado_em": "2020-07-17T18:41:20.100Z"}}, {"model": "app.linharelatorio", "pk": 37, "fields": {"trabalhador": 8, "horas_extras": 0.0, "adicional_noturno": 0.0, "faltas": 0, "criado_em": "2020-07-13T19:09:23.558Z", "modificado_em": "2020-07-14T14:29:58.879Z"}}, {"model": "app.linharelatorio", "pk": 38, "fields": {"trabalhador": 9, "horas_extras": 0.0, "adicional_noturno": 0.0, "faltas": 0, "criado_em": "2020-07-13T19:09:23.603Z", "modificado_em": "2020-07-14T14:29:58.890Z"}}, {"model": "app.linharelatorio", "pk": 39, "fields": {"trabalhador": 21, "horas_extras": 59.5, "adicional_noturno": 15.4, "faltas": 0, "criado_em": "2020-07-13T19:09:23.631Z", "modificado_em": "2020-07-14T14:29:58.901Z"}}, {"model": "app.linharelatorio", "pk": 40, "fields": {"trabalhador": 10, "horas_extras": 84.0, "adicional_noturno": 0.0, "faltas": 0, "criado_em": "2020-07-13T19:09:23.649Z", "modificado_em": "2020-07-14T14:29:58.912Z"}}, {"model": "app.linharelatorio", "pk": 41, "fields": {"trabalhador": 42, "horas_extras": 56.0, "adicional_noturno": 0.0, "faltas": 0, "criado_em": "2020-07-14T17:06:58.586Z", "modificado_em": "2020-07-14T17:06:58.587Z"}}, {"model": "app.linharelatorio", "pk": 42, "fields": {"trabalhador": 11, "horas_extras": 3.0, "adicional_noturno": 0.0, "faltas": 0, "criado_em": "2020-08-05T12:01:21.257Z", "modificado_em": "2020-08-10T18:02:14.634Z"}}, {"model": "app.linharelatorio", "pk": 43, "fields": {"trabalhador": 13, "horas_extras": 0.0, "adicional_noturno": 0.0, "faltas": 0, "criado_em": "2020-08-05T12:01:21.282Z", "modificado_em": "2020-08-10T18:02:14.685Z"}}, {"model": "app.linharelatorio", "pk": 44, "fields": {"trabalhador": 30, "horas_extras": 0.0, "adicional_noturno": 0.0, "faltas": 0, "criado_em": "2020-08-05T12:01:21.312Z", "modificado_em": "2020-08-10T18:02:14.725Z"}}, {"model": "app.linharelatorio", "pk": 45, "fields": {"trabalhador": 28, "horas_extras": 56.0, "adicional_noturno": 1.7145, "faltas": 0, "criado_em": "2020-08-05T12:01:21.337Z", "modificado_em": "2020-08-10T18:02:14.771Z"}}, {"model": "app.linharelatorio", "pk": 46, "fields": {"trabalhador": 31, "horas_extras": 7.0, "adicional_noturno": 0.0, "faltas": 0, "criado_em": "2020-08-05T12:01:21.355Z", "modificado_em": "2020-08-10T18:02:14.801Z"}}, {"model": "app.linharelatorio", "pk": 47, "fields": {"trabalhador": 41, "horas_extras": 0.0, "adicional_noturno": 0.0, "faltas": 0, "criado_em": "2020-08-05T12:01:21.373Z", "modificado_em": "2020-08-10T18:02:14.830Z"}}, {"model": "app.linharelatorio", "pk": 48, "fields": {"trabalhador": null, "horas_extras": 0.0, "adicional_noturno": 0.0, "faltas": 0, "criado_em": "2020-08-05T12:01:21.389Z", "modificado_em": "2020-08-10T18:02:14.864Z"}}, {"model": "app.linharelatorio", "pk": 49, "fields": {"trabalhador": 16, "horas_extras": 32.5, "adicional_noturno": 0.0, "faltas": 0, "criado_em": "2020-08-05T12:01:21.405Z", "modificado_em": "2020-08-10T18:02:14.894Z"}}, {"model": "app.linharelatorio", "pk": 50, "fields": {"trabalhador": 25, "horas_extras": 30.0, "adicional_noturno": 0.0, "faltas": 0, "criado_em": "2020-08-05T12:01:21.420Z", "modificado_em": "2020-08-10T18:02:14.975Z"}}, {"model": "app.linharelatorio", "pk": 51, "fields": {"trabalhador": 32, "horas_extras": 51.5, "adicional_noturno": 0.0, "faltas": 0, "criado_em": "2020-08-05T12:01:21.440Z", "modificado_em": "2020-08-10T18:02:15.031Z"}}, {"model": "app.linharelatorio", "pk": 52, "fields": {"trabalhador": 33, "horas_extras": 82.0, "adicional_noturno": 0.0, "faltas": 0, "criado_em": "2020-08-05T12:01:21.457Z", "modificado_em": "2020-08-10T18:02:15.081Z"}}, {"model": "app.linharelatorio", "pk": 53, "fields": {"trabalhador": 5, "horas_extras": 0.0, "adicional_noturno": 0.0, "faltas": 0, "criado_em": "2020-08-05T12:01:21.473Z", "modificado_em": "2020-08-10T18:02:15.110Z"}}, {"model": "app.linharelatorio", "pk": 54, "fields": {"trabalhador": 22, "horas_extras": 55.0, "adicional_noturno": 0.0, "faltas": 0, "criado_em": "2020-08-05T12:01:21.488Z", "modificado_em": "2020-08-10T18:02:15.133Z"}}, {"model": "app.linharelatorio", "pk": 55, "fields": {"trabalhador": 26, "horas_extras": 32.0, "adicional_noturno": 4.0005, "faltas": 0, "criado_em": "2020-08-05T12:01:21.504Z", "modificado_em": "2020-08-10T18:02:15.165Z"}}, {"model": "app.linharelatorio", "pk": 56, "fields": {"trabalhador": 2, "horas_extras": 0.0, "adicional_noturno": 0.0, "faltas": 0, "criado_em": "2020-08-05T12:01:21.520Z", "modificado_em": "2020-08-10T18:02:15.199Z"}}, {"model": "app.linharelatorio", "pk": 57, "fields": {"trabalhador": 20, "horas_extras": 7.5, "adicional_noturno": 0.0, "faltas": 0, "criado_em": "2020-08-05T12:01:21.536Z", "modificado_em": "2020-08-10T18:02:15.231Z"}}, {"model": "app.linharelatorio", "pk": 58, "fields": {"trabalhador": 27, "horas_extras": 37.5, "adicional_noturno": 0.0, "faltas": 0, "criado_em": "2020-08-05T12:01:21.565Z", "modificado_em": "2020-08-11T12:48:59.543Z"}}, {"model": "app.linharelatorio", "pk": 59, "fields": {"trabalhador": 34, "horas_extras": 25.0, "adicional_noturno": 0.0, "faltas": 0, "criado_em": "2020-08-05T12:01:21.585Z", "modificado_em": "2020-08-11T11:37:08.916Z"}}, {"model": "app.linharelatorio", "pk": 60, "fields": {"trabalhador": 4, "horas_extras": 69.5, "adicional_noturno": 0.0, "faltas": 0, "criado_em": "2020-08-05T12:01:21.606Z", "modificado_em": "2020-08-11T11:02:59.989Z"}}, {"model": "app.linharelatorio", "pk": 61, "fields": {"trabalhador": 17, "horas_extras": 113.5, "adicional_noturno": 16.5735, "faltas": 0, "criado_em": "2020-08-05T12:01:21.626Z", "modificado_em": "2020-08-10T18:02:15.402Z"}}, {"model": "app.linharelatorio", "pk": 62, "fields": {"trabalhador": 35, "horas_extras": 26.0, "adicional_noturno": 0.0, "faltas": 0, "criado_em": "2020-08-05T12:01:21.646Z", "modificado_em": "2020-08-10T18:02:15.429Z"}}, {"model": "app.linharelatorio", "pk": 63, "fields": {"trabalhador": 24, "horas_extras": 119.0, "adicional_noturno": 0.0, "faltas": 0, "criado_em": "2020-08-05T12:01:21.662Z", "modificado_em": "2020-08-10T18:02:15.464Z"}}, {"model": "app.linharelatorio", "pk": 64, "fields": {"trabalhador": null, "horas_extras": 101.0, "adicional_noturno": 48.5775, "faltas": 0, "criado_em": "2020-08-05T12:01:21.678Z", "modificado_em": "2020-08-10T18:02:15.523Z"}}, {"model": "app.linharelatorio", "pk": 65, "fields": {"trabalhador": null, "horas_extras": 0.0, "adicional_noturno": 0.0, "faltas": 0, "criado_em": "2020-08-05T12:01:21.694Z", "modificado_em": "2020-08-10T18:02:15.543Z"}}, {"model": "app.linharelatorio", "pk": 66, "fields": {"trabalhador": 36, "horas_extras": 0.0, "adicional_noturno": 0.0, "faltas": 0, "criado_em": "2020-08-05T12:01:21.713Z", "modificado_em": "2020-08-10T18:02:15.604Z"}}, {"model": "app.linharelatorio", "pk": 67, "fields": {"trabalhador": 6, "horas_extras": 0.0, "adicional_noturno": 0.0, "faltas": 0, "criado_em": "2020-08-05T12:01:21.730Z", "modificado_em": "2020-08-10T18:02:15.634Z"}}, {"model": "app.linharelatorio", "pk": 68, "fields": {"trabalhador": 15, "horas_extras": 74.0, "adicional_noturno": 9.144, "faltas": 0, "criado_em": "2020-08-05T12:01:21.747Z", "modificado_em": "2020-08-10T18:02:15.685Z"}}, {"model": "app.linharelatorio", "pk": 69, "fields": {"trabalhador": 42, "horas_extras": 61.0, "adicional_noturno": 0.0, "faltas": 0, "criado_em": "2020-08-05T12:01:21.763Z", "modificado_em": "2020-08-10T18:02:15.718Z"}}, {"model": "app.linharelatorio", "pk": 70, "fields": {"trabalhador": 37, "horas_extras": 87.0, "adicional_noturno": 4.572, "faltas": 0, "criado_em": "2020-08-05T12:01:21.778Z", "modificado_em": "2020-08-10T18:02:15.745Z"}}, {"model": "app.linharelatorio", "pk": 71, "fields": {"trabalhador": 29, "horas_extras": 154.5, "adicional_noturno": 52.0065, "faltas": 0, "criado_em": "2020-08-05T12:01:21.793Z", "modificado_em": "2020-08-10T18:02:15.783Z"}}, {"model": "app.linharelatorio", "pk": 72, "fields": {"trabalhador": 38, "horas_extras": 147.5, "adicional_noturno": 18.288, "faltas": 0, "criado_em": "2020-08-05T12:01:21.809Z", "modificado_em": "2020-08-10T18:02:15.811Z"}}, {"model": "app.linharelatorio", "pk": 73, "fields": {"trabalhador": 12, "horas_extras": 35.5, "adicional_noturno": 5.1435, "faltas": 0, "criado_em": "2020-08-05T12:01:21.825Z", "modificado_em": "2020-08-10T18:02:15.837Z"}}, {"model": "app.linharelatorio", "pk": 74, "fields": {"trabalhador": 23, "horas_extras": 35.0, "adicional_noturno": 0.0, "faltas": 0, "criado_em": "2020-08-05T12:01:21.840Z", "modificado_em": "2020-08-10T18:02:15.862Z"}}, {"model": "app.linharelatorio", "pk": 75, "fields": {"trabalhador": 39, "horas_extras": 97.5, "adicional_noturno": 16.5735, "faltas": 0, "criado_em": "2020-08-05T12:01:21.856Z", "modificado_em": "2020-08-10T18:02:15.936Z"}}, {"model": "app.linharelatorio", "pk": 76, "fields": {"trabalhador": 3, "horas_extras": 9.0, "adicional_noturno": 0.0, "faltas": 0, "criado_em": "2020-08-05T12:01:21.871Z", "modificado_em": "2020-08-10T18:02:16.003Z"}}, {"model": "app.linharelatorio", "pk": 77, "fields": {"trabalhador": 19, "horas_extras": 28.0, "adicional_noturno": 0.0, "faltas": 0, "criado_em": "2020-08-05T12:01:21.887Z", "modificado_em": "2020-08-10T18:02:16.039Z"}}, {"model": "app.linharelatorio", "pk": 78, "fields": {"trabalhador": 7, "horas_extras": 175.5, "adicional_noturno": 35.5, "faltas": 0, "criado_em": "2020-08-05T12:01:21.909Z", "modificado_em": "2020-08-11T11:43:36.757Z"}}, {"model": "app.linharelatorio", "pk": 79, "fields": {"trabalhador": 8, "horas_extras": 0.0, "adicional_noturno": 0.0, "faltas": 0, "criado_em": "2020-08-05T12:01:21.929Z", "modificado_em": "2020-08-10T18:02:16.166Z"}}, {"model": "app.linharelatorio", "pk": 80, "fields": {"trabalhador": 9, "horas_extras": 0.0, "adicional_noturno": 0.0, "faltas": 0, "criado_em": "2020-08-05T12:01:21.949Z", "modificado_em": "2020-08-10T18:02:16.220Z"}}, {"model": "app.linharelatorio", "pk": 81, "fields": {"trabalhador": 21, "horas_extras": 99.5, "adicional_noturno": 44.577, "faltas": 0, "criado_em": "2020-08-05T12:01:21.969Z", "modificado_em": "2020-08-10T18:02:16.279Z"}}, {"model": "app.linharelatorio", "pk": 82, "fields": {"trabalhador": 10, "horas_extras": 73.5, "adicional_noturno": 0.0, "faltas": 0, "criado_em": "2020-08-05T12:01:21.989Z", "modificado_em": "2020-08-10T18:02:16.314Z"}}, {"model": "app.linharelatorio", "pk": 83, "fields": {"trabalhador": 11, "horas_extras": 0.0, "adicional_noturno": 0.0, "faltas": 0, "criado_em": "2020-09-08T20:56:22.323Z", "modificado_em": "2020-09-09T11:40:24.249Z"}}, {"model": "app.linharelatorio", "pk": 84, "fields": {"trabalhador": 13, "horas_extras": 0.0, "adicional_noturno": 0.0, "faltas": 0, "criado_em": "2020-09-08T20:56:22.353Z", "modificado_em": "2020-09-09T11:40:24.293Z"}}, {"model": "app.linharelatorio", "pk": 85, "fields": {"trabalhador": 30, "horas_extras": 19.5, "adicional_noturno": 0.0, "faltas": 0, "criado_em": "2020-09-08T20:56:22.379Z", "modificado_em": "2020-09-11T11:09:42.802Z"}}, {"model": "app.linharelatorio", "pk": 86, "fields": {"trabalhador": 28, "horas_extras": 53.5, "adicional_noturno": 3.4, "faltas": 0, "criado_em": "2020-09-08T20:56:22.403Z", "modificado_em": "2020-09-09T11:40:24.384Z"}}, {"model": "app.linharelatorio", "pk": 87, "fields": {"trabalhador": 31, "horas_extras": 11.5, "adicional_noturno": 0.0, "faltas": 0, "criado_em": "2020-09-08T20:56:22.427Z", "modificado_em": "2020-09-09T11:40:24.423Z"}}, {"model": "app.linharelatorio", "pk": 88, "fields": {"trabalhador": 41, "horas_extras": 0.0, "adicional_noturno": 0.0, "faltas": 0, "criado_em": "2020-09-08T20:56:22.454Z", "modificado_em": "2020-09-09T11:40:24.465Z"}}, {"model": "app.linharelatorio", "pk": 89, "fields": {"trabalhador": null, "horas_extras": 0.0, "adicional_noturno": 0.0, "faltas": 0, "criado_em": "2020-09-08T20:56:22.530Z", "modificado_em": "2020-09-09T11:40:24.503Z"}}, {"model": "app.linharelatorio", "pk": 90, "fields": {"trabalhador": 16, "horas_extras": 0.0, "adicional_noturno": 0.0, "faltas": 0, "criado_em": "2020-09-08T20:56:22.573Z", "modificado_em": "2020-09-09T11:40:24.542Z"}}, {"model": "app.linharelatorio", "pk": 91, "fields": {"trabalhador": 25, "horas_extras": 40.0, "adicional_noturno": 0.0, "faltas": 0, "criado_em": "2020-09-08T20:56:22.606Z", "modificado_em": "2020-09-09T11:40:24.582Z"}}, {"model": "app.linharelatorio", "pk": 92, "fields": {"trabalhador": 32, "horas_extras": 44.5, "adicional_noturno": 0.0, "faltas": 0, "criado_em": "2020-09-08T20:56:22.635Z", "modificado_em": "2020-09-09T11:40:24.627Z"}}, {"model": "app.linharelatorio", "pk": 93, "fields": {"trabalhador": 33, "horas_extras": 89.5, "adicional_noturno": 0.0, "faltas": 0, "criado_em": "2020-09-08T20:56:22.661Z", "modificado_em": "2020-09-09T11:40:24.667Z"}}, {"model": "app.linharelatorio", "pk": 94, "fields": {"trabalhador": 5, "horas_extras": 0.0, "adicional_noturno": 0.0, "faltas": 0, "criado_em": "2020-09-08T20:56:22.684Z", "modificado_em": "2020-09-09T11:40:24.712Z"}}, {"model": "app.linharelatorio", "pk": 95, "fields": {"trabalhador": 22, "horas_extras": 65.0, "adicional_noturno": 0.0, "faltas": 0, "criado_em": "2020-09-08T20:56:22.713Z", "modificado_em": "2020-09-09T11:40:24.751Z"}}, {"model": "app.linharelatorio", "pk": 96, "fields": {"trabalhador": 26, "horas_extras": 38.5, "adicional_noturno": 9.1, "faltas": 0, "criado_em": "2020-09-08T20:56:22.741Z", "modificado_em": "2020-09-09T11:40:24.788Z"}}, {"model": "app.linharelatorio", "pk": 97, "fields": {"trabalhador": 2, "horas_extras": 0.0, "adicional_noturno": 0.0, "faltas": 0, "criado_em": "2020-09-08T20:56:22.764Z", "modificado_em": "2020-09-09T11:40:24.832Z"}}, {"model": "app.linharelatorio", "pk": 98, "fields": {"trabalhador": 20, "horas_extras": 12.0, "adicional_noturno": 0.0, "faltas": 0, "criado_em": "2020-09-08T20:56:22.785Z", "modificado_em": "2020-09-09T11:40:24.894Z"}}, {"model": "app.linharelatorio", "pk": 99, "fields": {"trabalhador": 27, "horas_extras": 58.5, "adicional_noturno": 0.0, "faltas": 0, "criado_em": "2020-09-08T20:56:22.811Z", "modificado_em": "2020-09-09T11:40:24.943Z"}}, {"model": "app.linharelatorio", "pk": 100, "fields": {"trabalhador": 34, "horas_extras": 36.0, "adicional_noturno": 0.0, "faltas": 0, "criado_em": "2020-09-08T20:56:22.838Z", "modificado_em": "2020-09-09T11:40:24.987Z"}}, {"model": "app.linharelatorio", "pk": 101, "fields": {"trabalhador": 4, "horas_extras": 70.0, "adicional_noturno": 1.7, "faltas": 0, "criado_em": "2020-09-08T20:56:22.867Z", "modificado_em": "2020-09-11T11:17:19.127Z"}}, {"model": "app.linharelatorio", "pk": 102, "fields": {"trabalhador": 17, "horas_extras": 108.0, "adicional_noturno": 10.2, "faltas": 0, "criado_em": "2020-09-08T20:56:22.898Z", "modificado_em": "2020-09-09T11:40:25.083Z"}}, {"model": "app.linharelatorio", "pk": 103, "fields": {"trabalhador": 35, "horas_extras": 0.0, "adicional_noturno": 0.0, "faltas": 0, "criado_em": "2020-09-08T20:56:22.923Z", "modificado_em": "2020-09-09T11:40:25.134Z"}}, {"model": "app.linharelatorio", "pk": 104, "fields": {"trabalhador": 24, "horas_extras": 121.0, "adicional_noturno": 0.0, "faltas": 0, "criado_em": "2020-09-08T20:56:22.950Z", "modificado_em": "2020-09-09T11:40:25.180Z"}}, {"model": "app.linharelatorio", "pk": 105, "fields": {"trabalhador": null, "horas_extras": 0.0, "adicional_noturno": 0.0, "faltas": 0, "criado_em": "2020-09-08T20:56:22.976Z", "modificado_em": "2020-09-09T11:40:25.230Z"}}, {"model": "app.linharelatorio", "pk": 106, "fields": {"trabalhador": null, "horas_extras": 0.0, "adicional_noturno": 0.0, "faltas": 0, "criado_em": "2020-09-08T20:56:22.999Z", "modificado_em": "2020-09-09T11:40:25.275Z"}}, {"model": "app.linharelatorio", "pk": 107, "fields": {"trabalhador": 36, "horas_extras": 0.0, "adicional_noturno": 0.0, "faltas": 0, "criado_em": "2020-09-08T20:56:23.028Z", "modificado_em": "2020-09-09T11:40:25.325Z"}}, {"model": "app.linharelatorio", "pk": 108, "fields": {"trabalhador": 6, "horas_extras": 0.0, "adicional_noturno": 0.0, "faltas": 0, "criado_em": "2020-09-08T20:56:23.053Z", "modificado_em": "2020-09-09T11:40:25.369Z"}}, {"model": "app.linharelatorio", "pk": 109, "fields": {"trabalhador": 15, "horas_extras": 75.0, "adicional_noturno": 5.1, "faltas": 0, "criado_em": "2020-09-08T20:56:23.078Z", "modificado_em": "2020-09-15T19:39:42.899Z"}}, {"model": "app.linharelatorio", "pk": 110, "fields": {"trabalhador": 42, "horas_extras": 68.5, "adicional_noturno": 0.0, "faltas": 0, "criado_em": "2020-09-08T20:56:23.102Z", "modificado_em": "2020-09-09T11:40:25.452Z"}}, {"model": "app.linharelatorio", "pk": 111, "fields": {"trabalhador": 37, "horas_extras": 114.0, "adicional_noturno": 20.5, "faltas": 0, "criado_em": "2020-09-08T20:56:23.138Z", "modificado_em": "2020-09-09T11:40:25.490Z"}}, {"model": "app.linharelatorio", "pk": 112, "fields": {"trabalhador": 29, "horas_extras": 73.0, "adicional_noturno": 29.1, "faltas": 0, "criado_em": "2020-09-08T20:56:23.172Z", "modificado_em": "2020-09-11T11:22:47.281Z"}}, {"model": "app.linharelatorio", "pk": 113, "fields": {"trabalhador": 38, "horas_extras": 145.0, "adicional_noturno": 36.0, "faltas": 0, "criado_em": "2020-09-08T20:56:23.202Z", "modificado_em": "2020-09-09T11:40:25.580Z"}}, {"model": "app.linharelatorio", "pk": 114, "fields": {"trabalhador": 12, "horas_extras": 58.0, "adicional_noturno": 2.8, "faltas": 0, "criado_em": "2020-09-08T20:56:23.227Z", "modificado_em": "2020-09-09T11:40:25.620Z"}}, {"model": "app.linharelatorio", "pk": 115, "fields": {"trabalhador": 23, "horas_extras": 46.0, "adicional_noturno": 0.0, "faltas": 0, "criado_em": "2020-09-08T20:56:23.251Z", "modificado_em": "2020-09-09T11:40:25.673Z"}}, {"model": "app.linharelatorio", "pk": 116, "fields": {"trabalhador": 39, "horas_extras": 99.0, "adicional_noturno": 21.1, "faltas": 0, "criado_em": "2020-09-08T20:56:23.275Z", "modificado_em": "2020-09-09T11:40:25.712Z"}}, {"model": "app.linharelatorio", "pk": 117, "fields": {"trabalhador": 3, "horas_extras": 4.0, "adicional_noturno": 0.0, "faltas": 0, "criado_em": "2020-09-08T20:56:23.301Z", "modificado_em": "2020-09-09T17:00:16.704Z"}}, {"model": "app.linharelatorio", "pk": 118, "fields": {"trabalhador": 19, "horas_extras": 35.0, "adicional_noturno": 0.0, "faltas": 0, "criado_em": "2020-09-08T20:56:23.325Z", "modificado_em": "2020-09-09T11:40:25.824Z"}}, {"model": "app.linharelatorio", "pk": 119, "fields": {"trabalhador": 7, "horas_extras": 192.5, "adicional_noturno": 40.5, "faltas": 0, "criado_em": "2020-09-08T20:56:23.353Z", "modificado_em": "2020-09-11T11:04:20.750Z"}}, {"model": "app.linharelatorio", "pk": 120, "fields": {"trabalhador": 8, "horas_extras": 0.0, "adicional_noturno": 0.0, "faltas": 0, "criado_em": "2020-09-08T20:56:23.377Z", "modificado_em": "2020-09-09T11:40:25.959Z"}}, {"model": "app.linharelatorio", "pk": 121, "fields": {"trabalhador": 9, "horas_extras": 0.0, "adicional_noturno": 0.0, "faltas": 0, "criado_em": "2020-09-08T20:56:23.399Z", "modificado_em": "2020-09-09T11:40:26.010Z"}}, {"model": "app.linharelatorio", "pk": 122, "fields": {"trabalhador": 21, "horas_extras": 105.0, "adicional_noturno": 38.8, "faltas": 0, "criado_em": "2020-09-08T20:56:23.423Z", "modificado_em": "2020-09-09T11:40:26.066Z"}}, {"model": "app.linharelatorio", "pk": 123, "fields": {"trabalhador": 10, "horas_extras": 82.5, "adicional_noturno": 0.0, "faltas": 0, "criado_em": "2020-09-08T20:56:23.445Z", "modificado_em": "2020-09-09T11:40:26.118Z"}}, {"model": "app.linharelatorio", "pk": 124, "fields": {"trabalhador": 11, "horas_extras": 0.0, "adicional_noturno": 0.0, "faltas": 0, "criado_em": "2020-10-06T17:34:38.507Z", "modificado_em": "2020-10-06T20:25:14.834Z"}}, {"model": "app.linharelatorio", "pk": 125, "fields": {"trabalhador": 13, "horas_extras": 0.0, "adicional_noturno": 0.0, "faltas": 0, "criado_em": "2020-10-06T17:34:38.563Z", "modificado_em": "2020-10-06T20:25:14.865Z"}}, {"model": "app.linharelatorio", "pk": 126, "fields": {"trabalhador": 30, "horas_extras": 71.0, "adicional_noturno": 14.8, "faltas": 0, "criado_em": "2020-10-06T17:34:38.619Z", "modificado_em": "2020-10-06T20:25:14.885Z"}}, {"model": "app.linharelatorio", "pk": 127, "fields": {"trabalhador": 28, "horas_extras": 49.5, "adicional_noturno": 2.8, "faltas": 0, "criado_em": "2020-10-06T17:34:38.663Z", "modificado_em": "2020-10-06T20:25:14.910Z"}}, {"model": "app.linharelatorio", "pk": 128, "fields": {"trabalhador": 31, "horas_extras": 6.5, "adicional_noturno": 0.0, "faltas": 0, "criado_em": "2020-10-06T17:34:38.712Z", "modificado_em": "2020-10-06T20:25:14.938Z"}}, {"model": "app.linharelatorio", "pk": 129, "fields": {"trabalhador": 41, "horas_extras": 0.0, "adicional_noturno": 0.0, "faltas": 0, "criado_em": "2020-10-06T17:34:38.757Z", "modificado_em": "2020-10-06T20:25:14.959Z"}}, {"model": "app.linharelatorio", "pk": 130, "fields": {"trabalhador": null, "horas_extras": 0.0, "adicional_noturno": 0.0, "faltas": 0, "criado_em": "2020-10-06T17:34:38.807Z", "modificado_em": "2020-10-06T20:25:14.978Z"}}, {"model": "app.linharelatorio", "pk": 131, "fields": {"trabalhador": 16, "horas_extras": 0.0, "adicional_noturno": 0.0, "faltas": 0, "criado_em": "2020-10-06T17:34:38.859Z", "modificado_em": "2020-10-06T20:25:14.995Z"}}, {"model": "app.linharelatorio", "pk": 132, "fields": {"trabalhador": 25, "horas_extras": 26.0, "adicional_noturno": 0.0, "faltas": 0, "criado_em": "2020-10-06T17:34:38.919Z", "modificado_em": "2020-10-09T11:06:24.949Z"}}, {"model": "app.linharelatorio", "pk": 133, "fields": {"trabalhador": 32, "horas_extras": 85.0, "adicional_noturno": 0.0, "faltas": 0, "criado_em": "2020-10-06T17:34:38.967Z", "modificado_em": "2020-10-06T21:09:14.521Z"}}, {"model": "app.linharelatorio", "pk": 134, "fields": {"trabalhador": 33, "horas_extras": 130.5, "adicional_noturno": 0.0, "faltas": 0, "criado_em": "2020-10-06T17:34:39.023Z", "modificado_em": "2020-10-06T20:25:15.061Z"}}, {"model": "app.linharelatorio", "pk": 135, "fields": {"trabalhador": 5, "horas_extras": 0.0, "adicional_noturno": 0.0, "faltas": 0, "criado_em": "2020-10-06T17:34:39.077Z", "modificado_em": "2020-10-06T20:25:15.097Z"}}, {"model": "app.linharelatorio", "pk": 136, "fields": {"trabalhador": 22, "horas_extras": 101.0, "adicional_noturno": 1.1, "faltas": 0, "criado_em": "2020-10-06T17:34:39.141Z", "modificado_em": "2020-10-06T20:25:15.124Z"}}, {"model": "app.linharelatorio", "pk": 137, "fields": {"trabalhador": 26, "horas_extras": 55.5, "adicional_noturno": 2.2, "faltas": 0, "criado_em": "2020-10-06T17:34:39.223Z", "modificado_em": "2020-10-06T20:25:15.144Z"}}, {"model": "app.linharelatorio", "pk": 138, "fields": {"trabalhador": 2, "horas_extras": 0.0, "adicional_noturno": 0.0, "faltas": 0, "criado_em": "2020-10-06T17:34:39.298Z", "modificado_em": "2020-10-06T20:25:15.171Z"}}, {"model": "app.linharelatorio", "pk": 139, "fields": {"trabalhador": 20, "horas_extras": 18.0, "adicional_noturno": 0.0, "faltas": 0, "criado_em": "2020-10-06T17:34:39.357Z", "modificado_em": "2020-10-06T20:25:15.190Z"}}, {"model": "app.linharelatorio", "pk": 140, "fields": {"trabalhador": 27, "horas_extras": 58.0, "adicional_noturno": 0.0, "faltas": 0, "criado_em": "2020-10-06T17:34:39.411Z", "modificado_em": "2020-10-06T20:25:15.214Z"}}, {"model": "app.linharelatorio", "pk": 141, "fields": {"trabalhador": 34, "horas_extras": 45.0, "adicional_noturno": 0.0, "faltas": 0, "criado_em": "2020-10-06T17:34:39.468Z", "modificado_em": "2020-10-06T20:25:15.232Z"}}, {"model": "app.linharelatorio", "pk": 142, "fields": {"trabalhador": 4, "horas_extras": 0.0, "adicional_noturno": 0.0, "faltas": 0, "criado_em": "2020-10-06T17:34:39.515Z", "modificado_em": "2020-10-06T20:25:15.251Z"}}, {"model": "app.linharelatorio", "pk": 143, "fields": {"trabalhador": 17, "horas_extras": 137.0, "adicional_noturno": 12.5, "faltas": 0, "criado_em": "2020-10-06T17:34:39.564Z", "modificado_em": "2020-10-06T20:25:15.270Z"}}, {"model": "app.linharelatorio", "pk": 144, "fields": {"trabalhador": 35, "horas_extras": 0.0, "adicional_noturno": 0.0, "faltas": 0, "criado_em": "2020-10-06T17:34:39.623Z", "modificado_em": "2020-10-06T20:25:15.291Z"}}, {"model": "app.linharelatorio", "pk": 145, "fields": {"trabalhador": 24, "horas_extras": 134.0, "adicional_noturno": 0.0, "faltas": 0, "criado_em": "2020-10-06T17:34:39.685Z", "modificado_em": "2020-10-06T20:25:15.315Z"}}, {"model": "app.linharelatorio", "pk": 146, "fields": {"trabalhador": null, "horas_extras": 0.0, "adicional_noturno": 0.0, "faltas": 0, "criado_em": "2020-10-06T17:34:39.736Z", "modificado_em": "2020-10-06T20:25:15.348Z"}}, {"model": "app.linharelatorio", "pk": 147, "fields": {"trabalhador": null, "horas_extras": 0.0, "adicional_noturno": 0.0, "faltas": 0, "criado_em": "2020-10-06T17:34:39.783Z", "modificado_em": "2020-10-06T20:25:15.368Z"}}, {"model": "app.linharelatorio", "pk": 148, "fields": {"trabalhador": 36, "horas_extras": 0.0, "adicional_noturno": 0.0, "faltas": 0, "criado_em": "2020-10-06T17:34:39.829Z", "modificado_em": "2020-10-06T20:25:15.389Z"}}, {"model": "app.linharelatorio", "pk": 149, "fields": {"trabalhador": 6, "horas_extras": 0.0, "adicional_noturno": 0.0, "faltas": 0, "criado_em": "2020-10-06T17:34:39.874Z", "modificado_em": "2020-10-06T20:25:15.410Z"}}, {"model": "app.linharelatorio", "pk": 150, "fields": {"trabalhador": 15, "horas_extras": 0.0, "adicional_noturno": 0.0, "faltas": 0, "criado_em": "2020-10-06T17:34:39.923Z", "modificado_em": "2020-10-06T20:25:15.431Z"}}, {"model": "app.linharelatorio", "pk": 151, "fields": {"trabalhador": 42, "horas_extras": 64.0, "adicional_noturno": 0.0, "faltas": 0, "criado_em": "2020-10-06T17:34:39.965Z", "modificado_em": "2020-10-09T11:08:06.927Z"}}, {"model": "app.linharelatorio", "pk": 152, "fields": {"trabalhador": 37, "horas_extras": 130.5, "adicional_noturno": 21.7, "faltas": 0, "criado_em": "2020-10-06T17:34:40.006Z", "modificado_em": "2020-10-06T20:25:15.473Z"}}, {"model": "app.linharelatorio", "pk": 153, "fields": {"trabalhador": 29, "horas_extras": 51.5, "adicional_noturno": 36.0, "faltas": 0, "criado_em": "2020-10-06T17:34:40.044Z", "modificado_em": "2020-10-06T20:25:15.494Z"}}, {"model": "app.linharelatorio", "pk": 154, "fields": {"trabalhador": 38, "horas_extras": 122.5, "adicional_noturno": 12.0, "faltas": 0, "criado_em": "2020-10-06T17:34:40.098Z", "modificado_em": "2020-10-06T20:25:15.515Z"}}, {"model": "app.linharelatorio", "pk": 155, "fields": {"trabalhador": 12, "horas_extras": 90.0, "adicional_noturno": 20.0, "faltas": 0, "criado_em": "2020-10-06T17:34:40.199Z", "modificado_em": "2020-10-06T20:25:15.541Z"}}, {"model": "app.linharelatorio", "pk": 156, "fields": {"trabalhador": 23, "horas_extras": 28.0, "adicional_noturno": 0.0, "faltas": 0, "criado_em": "2020-10-06T17:34:40.283Z", "modificado_em": "2020-10-06T20:25:15.565Z"}}, {"model": "app.linharelatorio", "pk": 157, "fields": {"trabalhador": 39, "horas_extras": 0.0, "adicional_noturno": 0.0, "faltas": 0, "criado_em": "2020-10-06T17:34:40.307Z", "modificado_em": "2020-10-06T20:25:15.585Z"}}, {"model": "app.linharelatorio", "pk": 158, "fields": {"trabalhador": 3, "horas_extras": 3.0, "adicional_noturno": 0.0, "faltas": 0, "criado_em": "2020-10-06T17:34:40.332Z", "modificado_em": "2020-10-06T20:25:15.606Z"}}, {"model": "app.linharelatorio", "pk": 159, "fields": {"trabalhador": 19, "horas_extras": 35.0, "adicional_noturno": 0.0, "faltas": 0, "criado_em": "2020-10-06T17:34:40.375Z", "modificado_em": "2020-10-06T20:25:15.628Z"}}, {"model": "app.linharelatorio", "pk": 160, "fields": {"trabalhador": 7, "horas_extras": 184.5, "adicional_noturno": 34.0, "faltas": 0, "criado_em": "2020-10-06T17:34:40.487Z", "modificado_em": "2020-10-08T11:09:53.767Z"}}, {"model": "app.linharelatorio", "pk": 161, "fields": {"trabalhador": 8, "horas_extras": 0.0, "adicional_noturno": 0.0, "faltas": 0, "criado_em": "2020-10-06T17:34:40.527Z", "modificado_em": "2020-10-06T20:25:15.675Z"}}, {"model": "app.linharelatorio", "pk": 162, "fields": {"trabalhador": 9, "horas_extras": 2.0, "adicional_noturno": 0.0, "faltas": 0, "criado_em": "2020-10-06T17:34:40.621Z", "modificado_em": "2020-10-06T20:25:15.698Z"}}, {"model": "app.linharelatorio", "pk": 163, "fields": {"trabalhador": 21, "horas_extras": 77.0, "adicional_noturno": 62.8, "faltas": 0, "criado_em": "2020-10-06T17:34:40.724Z", "modificado_em": "2020-10-08T11:56:05.403Z"}}, {"model": "app.linharelatorio", "pk": 164, "fields": {"trabalhador": 10, "horas_extras": 43.0, "adicional_noturno": 0.0, "faltas": 0, "criado_em": "2020-10-06T17:34:40.855Z", "modificado_em": "2020-10-06T20:25:15.746Z"}}, {"model": "app.linharelatorio", "pk": 165, "fields": {"trabalhador": 11, "horas_extras": 3.0, "adicional_noturno": 0.0, "faltas": 0, "criado_em": "2020-11-12T11:08:30.524Z", "modificado_em": "2020-11-12T18:33:52.021Z"}}, {"model": "app.linharelatorio", "pk": 166, "fields": {"trabalhador": 13, "horas_extras": 0.0, "adicional_noturno": 0.0, "faltas": 0, "criado_em": "2020-11-12T11:08:30.552Z", "modificado_em": "2020-11-12T18:33:52.043Z"}}, {"model": "app.linharelatorio", "pk": 167, "fields": {"trabalhador": 30, "horas_extras": 122.0, "adicional_noturno": 0.0, "faltas": 0, "criado_em": "2020-11-12T11:08:30.573Z", "modificado_em": "2020-11-12T18:33:52.070Z"}}, {"model": "app.linharelatorio", "pk": 168, "fields": {"trabalhador": 28, "horas_extras": 87.0, "adicional_noturno": 4.5, "faltas": 0, "criado_em": "2020-11-12T11:08:30.596Z", "modificado_em": "2020-11-12T18:33:52.096Z"}}, {"model": "app.linharelatorio", "pk": 169, "fields": {"trabalhador": 31, "horas_extras": 81.5, "adicional_noturno": 8.0, "faltas": 0, "criado_em": "2020-11-12T11:08:30.616Z", "modificado_em": "2020-11-12T18:33:52.127Z"}}, {"model": "app.linharelatorio", "pk": 170, "fields": {"trabalhador": 41, "horas_extras": 0.0, "adicional_noturno": 0.0, "faltas": 0, "criado_em": "2020-11-12T11:08:30.639Z", "modificado_em": "2020-11-12T18:33:52.160Z"}}, {"model": "app.linharelatorio", "pk": 171, "fields": {"trabalhador": 16, "horas_extras": 0.0, "adicional_noturno": 0.0, "faltas": 0, "criado_em": "2020-11-12T11:08:30.669Z", "modificado_em": "2020-11-12T18:33:52.189Z"}}, {"model": "app.linharelatorio", "pk": 172, "fields": {"trabalhador": 25, "horas_extras": 55.0, "adicional_noturno": 0.0, "faltas": 0, "criado_em": "2020-11-12T11:08:30.690Z", "modificado_em": "2020-11-12T18:33:52.213Z"}}, {"model": "app.linharelatorio", "pk": 173, "fields": {"trabalhador": 32, "horas_extras": 100.0, "adicional_noturno": 0.0, "faltas": 0, "criado_em": "2020-11-12T11:08:30.716Z", "modificado_em": "2020-11-12T18:33:52.246Z"}}, {"model": "app.linharelatorio", "pk": 174, "fields": {"trabalhador": 33, "horas_extras": 186.0, "adicional_noturno": 0.0, "faltas": 0, "criado_em": "2020-11-12T11:08:30.737Z", "modificado_em": "2020-11-12T18:33:52.275Z"}}, {"model": "app.linharelatorio", "pk": 175, "fields": {"trabalhador": 5, "horas_extras": 0.0, "adicional_noturno": 0.0, "faltas": 0, "criado_em": "2020-11-12T11:08:30.757Z", "modificado_em": "2020-11-12T18:33:52.305Z"}}, {"model": "app.linharelatorio", "pk": 176, "fields": {"trabalhador": 22, "horas_extras": 150.0, "adicional_noturno": 8.5, "faltas": 0, "criado_em": "2020-11-12T11:08:30.785Z", "modificado_em": "2020-11-12T18:33:52.334Z"}}, {"model": "app.linharelatorio", "pk": 177, "fields": {"trabalhador": 26, "horas_extras": 59.0, "adicional_noturno": 3.4, "faltas": 0, "criado_em": "2020-11-12T11:08:30.811Z", "modificado_em": "2020-11-12T18:33:52.362Z"}}, {"model": "app.linharelatorio", "pk": 178, "fields": {"trabalhador": 2, "horas_extras": 0.0, "adicional_noturno": 0.0, "faltas": 0, "criado_em": "2020-11-12T11:08:30.832Z", "modificado_em": "2020-11-12T18:33:52.388Z"}}, {"model": "app.linharelatorio", "pk": 179, "fields": {"trabalhador": 20, "horas_extras": 12.5, "adicional_noturno": 0.0, "faltas": 0, "criado_em": "2020-11-12T11:08:30.854Z", "modificado_em": "2020-11-12T18:33:52.419Z"}}, {"model": "app.linharelatorio", "pk": 180, "fields": {"trabalhador": 27, "horas_extras": 122.5, "adicional_noturno": 0.0, "faltas": 0, "criado_em": "2020-11-12T11:08:30.873Z", "modificado_em": "2020-11-12T18:45:03.421Z"}}, {"model": "app.linharelatorio", "pk": 181, "fields": {"trabalhador": 34, "horas_extras": 20.0, "adicional_noturno": 0.0, "faltas": 0, "criado_em": "2020-11-12T11:08:30.895Z", "modificado_em": "2020-11-12T18:33:52.478Z"}}, {"model": "app.linharelatorio", "pk": 182, "fields": {"trabalhador": 4, "horas_extras": 117.5, "adicional_noturno": 8.5, "faltas": 0, "criado_em": "2020-11-12T11:08:30.917Z", "modificado_em": "2020-11-12T18:33:52.518Z"}}, {"model": "app.linharelatorio", "pk": 183, "fields": {"trabalhador": 17, "horas_extras": 166.0, "adicional_noturno": 15.4, "faltas": 0, "criado_em": "2020-11-12T11:08:30.939Z", "modificado_em": "2020-11-12T18:33:52.549Z"}}, {"model": "app.linharelatorio", "pk": 184, "fields": {"trabalhador": 35, "horas_extras": 0.0, "adicional_noturno": 0.0, "faltas": 0, "criado_em": "2020-11-12T11:08:30.966Z", "modificado_em": "2020-11-12T18:33:52.580Z"}}, {"model": "app.linharelatorio", "pk": 185, "fields": {"trabalhador": 24, "horas_extras": 155.0, "adicional_noturno": 0.0, "faltas": 0, "criado_em": "2020-11-12T11:08:30.996Z", "modificado_em": "2020-11-12T18:33:52.610Z"}}, {"model": "app.linharelatorio", "pk": 186, "fields": {"trabalhador": 36, "horas_extras": 0.0, "adicional_noturno": 0.0, "faltas": 0, "criado_em": "2020-11-12T11:08:31.024Z", "modificado_em": "2020-11-12T18:33:52.645Z"}}, {"model": "app.linharelatorio", "pk": 187, "fields": {"trabalhador": 6, "horas_extras": 0.0, "adicional_noturno": 0.0, "faltas": 0, "criado_em": "2020-11-12T11:08:31.046Z", "modificado_em": "2020-11-12T18:33:52.671Z"}}, {"model": "app.linharelatorio", "pk": 188, "fields": {"trabalhador": 15, "horas_extras": 105.0, "adicional_noturno": 4.5, "faltas": 0, "criado_em": "2020-11-12T11:08:31.070Z", "modificado_em": "2020-11-12T18:33:52.707Z"}}, {"model": "app.linharelatorio", "pk": 189, "fields": {"trabalhador": 42, "horas_extras": 62.0, "adicional_noturno": 0.0, "faltas": 0, "criado_em": "2020-11-12T11:08:31.092Z", "modificado_em": "2020-11-12T18:33:52.735Z"}}, {"model": "app.linharelatorio", "pk": 190, "fields": {"trabalhador": 37, "horas_extras": 133.5, "adicional_noturno": 10.2, "faltas": 0, "criado_em": "2020-11-12T11:08:31.115Z", "modificado_em": "2020-11-12T18:33:52.760Z"}}, {"model": "app.linharelatorio", "pk": 191, "fields": {"trabalhador": 29, "horas_extras": 120.0, "adicional_noturno": 44.5, "faltas": 0, "criado_em": "2020-11-12T11:08:31.142Z", "modificado_em": "2020-11-12T18:33:52.804Z"}}, {"model": "app.linharelatorio", "pk": 192, "fields": {"trabalhador": 38, "horas_extras": 179.0, "adicional_noturno": 21.1, "faltas": 0, "criado_em": "2020-11-12T11:08:31.162Z", "modificado_em": "2020-11-12T18:33:52.842Z"}}, {"model": "app.linharelatorio", "pk": 193, "fields": {"trabalhador": 12, "horas_extras": 86.0, "adicional_noturno": 2.2, "faltas": 0, "criado_em": "2020-11-12T11:08:31.184Z", "modificado_em": "2020-11-12T18:33:52.875Z"}}, {"model": "app.linharelatorio", "pk": 194, "fields": {"trabalhador": 23, "horas_extras": 73.5, "adicional_noturno": 0.0, "faltas": 0, "criado_em": "2020-11-12T11:08:31.226Z", "modificado_em": "2020-11-12T18:33:52.902Z"}}, {"model": "app.linharelatorio", "pk": 195, "fields": {"trabalhador": 39, "horas_extras": 151.5, "adicional_noturno": 8.0, "faltas": 0, "criado_em": "2020-11-12T11:08:31.271Z", "modificado_em": "2020-11-12T18:33:52.929Z"}}, {"model": "app.linharelatorio", "pk": 196, "fields": {"trabalhador": 3, "horas_extras": 0.0, "adicional_noturno": 0.0, "faltas": 0, "criado_em": "2020-11-12T11:08:31.312Z", "modificado_em": "2020-11-12T18:33:52.950Z"}}, {"model": "app.linharelatorio", "pk": 197, "fields": {"trabalhador": 19, "horas_extras": 56.0, "adicional_noturno": 0.0, "faltas": 0, "criado_em": "2020-11-12T11:08:31.370Z", "modificado_em": "2020-11-12T18:33:52.974Z"}}, {"model": "app.linharelatorio", "pk": 198, "fields": {"trabalhador": 7, "horas_extras": 212.0, "adicional_noturno": 45.5, "faltas": 0, "criado_em": "2020-11-12T11:08:31.444Z", "modificado_em": "2020-11-12T18:33:52.996Z"}}, {"model": "app.linharelatorio", "pk": 199, "fields": {"trabalhador": 8, "horas_extras": 0.0, "adicional_noturno": 0.0, "faltas": 0, "criado_em": "2020-11-12T11:08:31.495Z", "modificado_em": "2020-11-12T18:33:53.031Z"}}, {"model": "app.linharelatorio", "pk": 200, "fields": {"trabalhador": 9, "horas_extras": 0.0, "adicional_noturno": 0.0, "faltas": 0, "criado_em": "2020-11-12T11:08:31.525Z", "modificado_em": "2020-11-12T18:33:53.066Z"}}, {"model": "app.linharelatorio", "pk": 201, "fields": {"trabalhador": 21, "horas_extras": 132.0, "adicional_noturno": 72.0, "faltas": 0, "criado_em": "2020-11-12T11:08:31.552Z", "modificado_em": "2020-11-12T18:33:53.102Z"}}, {"model": "app.linharelatorio", "pk": 202, "fields": {"trabalhador": 10, "horas_extras": 131.0, "adicional_noturno": 4.0, "faltas": 0, "criado_em": "2020-11-12T11:08:31.575Z", "modificado_em": "2020-11-12T18:33:53.123Z"}}, {"model": "app.linharelatorio", "pk": 203, "fields": {"trabalhador": 11, "horas_extras": 13.0, "adicional_noturno": 0.0, "faltas": 0, "criado_em": "2020-12-10T11:41:26.743Z", "modificado_em": "2020-12-10T11:45:53.317Z"}}, {"model": "app.linharelatorio", "pk": 204, "fields": {"trabalhador": 13, "horas_extras": 0.0, "adicional_noturno": 0.0, "faltas": 0, "criado_em": "2020-12-10T11:41:26.782Z", "modificado_em": "2020-12-10T11:45:53.345Z"}}, {"model": "app.linharelatorio", "pk": 205, "fields": {"trabalhador": 30, "horas_extras": 102.5, "adicional_noturno": 5.0, "faltas": 0, "criado_em": "2020-12-10T11:41:26.820Z", "modificado_em": "2020-12-10T11:45:53.382Z"}}, {"model": "app.linharelatorio", "pk": 206, "fields": {"trabalhador": 28, "horas_extras": 86.5, "adicional_noturno": 9.7, "faltas": 0, "criado_em": "2020-12-10T11:41:26.869Z", "modificado_em": "2020-12-10T11:45:53.417Z"}}, {"model": "app.linharelatorio", "pk": 207, "fields": {"trabalhador": 31, "horas_extras": 134.5, "adicional_noturno": 33.7, "faltas": 0, "criado_em": "2020-12-10T11:41:26.900Z", "modificado_em": "2020-12-10T11:45:53.445Z"}}, {"model": "app.linharelatorio", "pk": 208, "fields": {"trabalhador": 41, "horas_extras": 0.0, "adicional_noturno": 0.0, "faltas": 0, "criado_em": "2020-12-10T11:41:26.945Z", "modificado_em": "2020-12-10T11:45:53.480Z"}}, {"model": "app.linharelatorio", "pk": 209, "fields": {"trabalhador": 16, "horas_extras": 0.0, "adicional_noturno": 0.0, "faltas": 0, "criado_em": "2020-12-10T11:41:26.983Z", "modificado_em": "2020-12-10T11:45:53.501Z"}}, {"model": "app.linharelatorio", "pk": 210, "fields": {"trabalhador": 25, "horas_extras": 38.0, "adicional_noturno": 0.0, "faltas": 0, "criado_em": "2020-12-10T11:41:27.033Z", "modificado_em": "2020-12-10T11:45:53.548Z"}}, {"model": "app.linharelatorio", "pk": 211, "fields": {"trabalhador": 32, "horas_extras": 89.5, "adicional_noturno": 0.0, "faltas": 0, "criado_em": "2020-12-10T11:41:27.064Z", "modificado_em": "2020-12-10T11:45:53.579Z"}}, {"model": "app.linharelatorio", "pk": 212, "fields": {"trabalhador": 33, "horas_extras": 123.5, "adicional_noturno": 0.0, "faltas": 0, "criado_em": "2020-12-10T11:41:27.082Z", "modificado_em": "2020-12-10T11:45:53.640Z"}}, {"model": "app.linharelatorio", "pk": 213, "fields": {"trabalhador": 5, "horas_extras": 0.0, "adicional_noturno": 0.0, "faltas": 0, "criado_em": "2020-12-10T11:41:27.117Z", "modificado_em": "2020-12-10T11:45:53.701Z"}}, {"model": "app.linharelatorio", "pk": 214, "fields": {"trabalhador": 22, "horas_extras": 176.5, "adicional_noturno": 13.1, "faltas": 0, "criado_em": "2020-12-10T11:41:27.158Z", "modificado_em": "2020-12-10T11:45:53.777Z"}}, {"model": "app.linharelatorio", "pk": 215, "fields": {"trabalhador": 26, "horas_extras": 76.5, "adicional_noturno": 8.5, "faltas": 0, "criado_em": "2020-12-10T11:41:27.210Z", "modificado_em": "2020-12-10T11:45:53.802Z"}}, {"model": "app.linharelatorio", "pk": 216, "fields": {"trabalhador": 2, "horas_extras": 0.0, "adicional_noturno": 0.0, "faltas": 0, "criado_em": "2020-12-10T11:41:27.238Z", "modificado_em": "2020-12-10T11:45:53.861Z"}}, {"model": "app.linharelatorio", "pk": 217, "fields": {"trabalhador": 20, "horas_extras": 18.5, "adicional_noturno": 0.0, "faltas": 0, "criado_em": "2020-12-10T11:41:27.267Z", "modificado_em": "2020-12-10T11:45:53.901Z"}}, {"model": "app.linharelatorio", "pk": 218, "fields": {"trabalhador": 27, "horas_extras": 99.5, "adicional_noturno": 0.0, "faltas": 0, "criado_em": "2020-12-10T11:41:27.318Z", "modificado_em": "2020-12-10T11:45:53.949Z"}}, {"model": "app.linharelatorio", "pk": 219, "fields": {"trabalhador": 34, "horas_extras": 32.0, "adicional_noturno": 0.0, "faltas": 0, "criado_em": "2020-12-10T11:41:27.354Z", "modificado_em": "2020-12-10T11:45:53.975Z"}}, {"model": "app.linharelatorio", "pk": 220, "fields": {"trabalhador": 4, "horas_extras": 99.0, "adicional_noturno": 7.4, "faltas": 0, "criado_em": "2020-12-10T11:41:27.400Z", "modificado_em": "2020-12-10T11:45:54.019Z"}}, {"model": "app.linharelatorio", "pk": 221, "fields": {"trabalhador": 17, "horas_extras": 148.0, "adicional_noturno": 32.0, "faltas": 0, "criado_em": "2020-12-10T11:41:27.426Z", "modificado_em": "2020-12-10T11:45:54.061Z"}}, {"model": "app.linharelatorio", "pk": 222, "fields": {"trabalhador": 35, "horas_extras": 10.5, "adicional_noturno": 0.0, "faltas": 0, "criado_em": "2020-12-10T11:41:27.450Z", "modificado_em": "2020-12-10T11:45:54.149Z"}}, {"model": "app.linharelatorio", "pk": 223, "fields": {"trabalhador": 24, "horas_extras": 122.0, "adicional_noturno": 0.0, "faltas": 0, "criado_em": "2020-12-10T11:41:27.488Z", "modificado_em": "2020-12-10T11:45:54.265Z"}}, {"model": "app.linharelatorio", "pk": 224, "fields": {"trabalhador": 36, "horas_extras": 0.0, "adicional_noturno": 0.0, "faltas": 0, "criado_em": "2020-12-10T11:41:27.518Z", "modificado_em": "2020-12-10T11:45:54.289Z"}}, {"model": "app.linharelatorio", "pk": 225, "fields": {"trabalhador": 6, "horas_extras": 0.0, "adicional_noturno": 0.0, "faltas": 0, "criado_em": "2020-12-10T11:41:27.538Z", "modificado_em": "2020-12-10T11:45:54.322Z"}}, {"model": "app.linharelatorio", "pk": 226, "fields": {"trabalhador": 15, "horas_extras": 135.0, "adicional_noturno": 4.0, "faltas": 0, "criado_em": "2020-12-10T11:41:27.573Z", "modificado_em": "2020-12-10T11:45:54.357Z"}}, {"model": "app.linharelatorio", "pk": 227, "fields": {"trabalhador": 42, "horas_extras": 67.5, "adicional_noturno": 0.0, "faltas": 0, "criado_em": "2020-12-10T11:41:27.612Z", "modificado_em": "2020-12-10T11:45:54.389Z"}}, {"model": "app.linharelatorio", "pk": 228, "fields": {"trabalhador": 37, "horas_extras": 115.0, "adicional_noturno": 24.4, "faltas": 0, "criado_em": "2020-12-10T11:41:27.677Z", "modificado_em": "2020-12-10T11:45:54.419Z"}}, {"model": "app.linharelatorio", "pk": 229, "fields": {"trabalhador": 29, "horas_extras": 60.0, "adicional_noturno": 21.1, "faltas": 0, "criado_em": "2020-12-10T11:41:27.698Z", "modificado_em": "2020-12-10T11:45:54.440Z"}}, {"model": "app.linharelatorio", "pk": 230, "fields": {"trabalhador": 38, "horas_extras": 163.5, "adicional_noturno": 24.0, "faltas": 0, "criado_em": "2020-12-10T11:41:27.737Z", "modificado_em": "2020-12-10T11:45:54.462Z"}}, {"model": "app.linharelatorio", "pk": 231, "fields": {"trabalhador": 12, "horas_extras": 103.0, "adicional_noturno": 23.4, "faltas": 0, "criado_em": "2020-12-10T11:41:27.783Z", "modificado_em": "2020-12-10T11:45:54.490Z"}}, {"model": "app.linharelatorio", "pk": 232, "fields": {"trabalhador": 23, "horas_extras": 72.0, "adicional_noturno": 5.1, "faltas": 0, "criado_em": "2020-12-10T11:41:27.812Z", "modificado_em": "2020-12-10T11:45:54.511Z"}}, {"model": "app.linharelatorio", "pk": 233, "fields": {"trabalhador": 39, "horas_extras": 129.5, "adicional_noturno": 34.8, "faltas": 0, "criado_em": "2020-12-10T11:41:27.851Z", "modificado_em": "2020-12-10T11:45:54.533Z"}}, {"model": "app.linharelatorio", "pk": 234, "fields": {"trabalhador": 3, "horas_extras": 0.0, "adicional_noturno": 0.0, "faltas": 0, "criado_em": "2020-12-10T11:41:27.882Z", "modificado_em": "2020-12-10T11:45:54.554Z"}}, {"model": "app.linharelatorio", "pk": 235, "fields": {"trabalhador": 19, "horas_extras": 42.0, "adicional_noturno": 0.0, "faltas": 0, "criado_em": "2020-12-10T11:41:27.920Z", "modificado_em": "2020-12-10T11:45:54.584Z"}}, {"model": "app.linharelatorio", "pk": 236, "fields": {"trabalhador": 7, "horas_extras": 215.5, "adicional_noturno": 61.5, "faltas": 0, "criado_em": "2020-12-10T11:41:27.959Z", "modificado_em": "2020-12-10T11:45:54.611Z"}}, {"model": "app.linharelatorio", "pk": 237, "fields": {"trabalhador": 8, "horas_extras": 0.0, "adicional_noturno": 0.0, "faltas": 0, "criado_em": "2020-12-10T11:41:27.984Z", "modificado_em": "2020-12-10T11:45:54.637Z"}}, {"model": "app.linharelatorio", "pk": 238, "fields": {"trabalhador": 9, "horas_extras": 0.0, "adicional_noturno": 0.0, "faltas": 0, "criado_em": "2020-12-10T11:41:28.007Z", "modificado_em": "2020-12-10T11:45:54.665Z"}}, {"model": "app.linharelatorio", "pk": 239, "fields": {"trabalhador": 21, "horas_extras": 111.0, "adicional_noturno": 52.0, "faltas": 0, "criado_em": "2020-12-10T11:41:28.052Z", "modificado_em": "2020-12-10T11:45:54.696Z"}}, {"model": "app.linharelatorio", "pk": 240, "fields": {"trabalhador": 10, "horas_extras": 122.0, "adicional_noturno": 2.2, "faltas": 0, "criado_em": "2020-12-10T11:41:28.082Z", "modificado_em": "2020-12-10T11:45:54.726Z"}}, {"model": "app.linharelatorio", "pk": 241, "fields": {"trabalhador": 11, "horas_extras": 0.0, "adicional_noturno": 0.0, "faltas": 0, "criado_em": "2021-01-20T10:47:08.793Z", "modificado_em": "2021-01-20T10:52:15.111Z"}}, {"model": "app.linharelatorio", "pk": 242, "fields": {"trabalhador": 13, "horas_extras": 0.0, "adicional_noturno": 0.0, "faltas": 0, "criado_em": "2021-01-20T10:47:08.812Z", "modificado_em": "2021-01-20T10:52:15.128Z"}}, {"model": "app.linharelatorio", "pk": 243, "fields": {"trabalhador": 30, "horas_extras": 22.5, "adicional_noturno": 0.0, "faltas": 0, "criado_em": "2021-01-20T10:47:08.825Z", "modificado_em": "2021-01-20T10:52:15.140Z"}}, {"model": "app.linharelatorio", "pk": 244, "fields": {"trabalhador": 28, "horas_extras": 59.5, "adicional_noturno": 13.1, "faltas": 0, "criado_em": "2021-01-20T10:47:08.840Z", "modificado_em": "2021-01-20T10:52:15.152Z"}}, {"model": "app.linharelatorio", "pk": 245, "fields": {"trabalhador": 31, "horas_extras": 110.5, "adicional_noturno": 33.7, "faltas": 0, "criado_em": "2021-01-20T10:47:08.859Z", "modificado_em": "2021-01-20T10:52:15.165Z"}}, {"model": "app.linharelatorio", "pk": 246, "fields": {"trabalhador": 41, "horas_extras": 0.0, "adicional_noturno": 0.0, "faltas": 0, "criado_em": "2021-01-20T10:47:08.881Z", "modificado_em": "2021-01-20T10:52:15.178Z"}}, {"model": "app.linharelatorio", "pk": 247, "fields": {"trabalhador": 16, "horas_extras": 0.0, "adicional_noturno": 0.0, "faltas": 0, "criado_em": "2021-01-20T10:47:08.895Z", "modificado_em": "2021-01-20T10:52:15.189Z"}}, {"model": "app.linharelatorio", "pk": 248, "fields": {"trabalhador": 25, "horas_extras": 21.0, "adicional_noturno": 0.0, "faltas": 0, "criado_em": "2021-01-20T10:47:08.908Z", "modificado_em": "2021-01-20T10:52:15.201Z"}}, {"model": "app.linharelatorio", "pk": 249, "fields": {"trabalhador": 32, "horas_extras": 164.5, "adicional_noturno": 17.7, "faltas": 0, "criado_em": "2021-01-20T10:47:08.922Z", "modificado_em": "2021-01-20T10:52:15.213Z"}}, {"model": "app.linharelatorio", "pk": 250, "fields": {"trabalhador": 33, "horas_extras": 166.0, "adicional_noturno": 0.0, "faltas": 0, "criado_em": "2021-01-20T10:47:08.935Z", "modificado_em": "2021-01-20T10:52:15.231Z"}}, {"model": "app.linharelatorio", "pk": 251, "fields": {"trabalhador": 5, "horas_extras": 0.0, "adicional_noturno": 0.0, "faltas": 0, "criado_em": "2021-01-20T10:47:08.948Z", "modificado_em": "2021-01-20T10:52:15.243Z"}}, {"model": "app.linharelatorio", "pk": 252, "fields": {"trabalhador": 22, "horas_extras": 100.0, "adicional_noturno": 5.1, "faltas": 0, "criado_em": "2021-01-20T10:47:08.961Z", "modificado_em": "2021-01-20T10:52:15.255Z"}}, {"model": "app.linharelatorio", "pk": 253, "fields": {"trabalhador": 26, "horas_extras": 50.5, "adicional_noturno": 5.1, "faltas": 0, "criado_em": "2021-01-20T10:47:08.974Z", "modificado_em": "2021-01-20T10:52:15.273Z"}}, {"model": "app.linharelatorio", "pk": 254, "fields": {"trabalhador": 2, "horas_extras": 0.0, "adicional_noturno": 0.0, "faltas": 0, "criado_em": "2021-01-20T10:47:08.987Z", "modificado_em": "2021-01-20T10:52:15.285Z"}}, {"model": "app.linharelatorio", "pk": 255, "fields": {"trabalhador": 20, "horas_extras": 0.0, "adicional_noturno": 0.0, "faltas": 0, "criado_em": "2021-01-20T10:47:09.000Z", "modificado_em": "2021-01-20T10:52:15.296Z"}}, {"model": "app.linharelatorio", "pk": 256, "fields": {"trabalhador": 27, "horas_extras": 80.0, "adicional_noturno": 0.0, "faltas": 0, "criado_em": "2021-01-20T10:47:09.013Z", "modificado_em": "2021-01-20T10:52:15.308Z"}}, {"model": "app.linharelatorio", "pk": 257, "fields": {"trabalhador": 34, "horas_extras": 44.5, "adicional_noturno": 0.0, "faltas": 0, "criado_em": "2021-01-20T10:47:09.029Z", "modificado_em": "2021-01-20T10:52:15.320Z"}}, {"model": "app.linharelatorio", "pk": 258, "fields": {"trabalhador": 4, "horas_extras": 77.0, "adicional_noturno": 5.1, "faltas": 0, "criado_em": "2021-01-20T10:47:09.044Z", "modificado_em": "2021-01-20T10:52:15.332Z"}}, {"model": "app.linharelatorio", "pk": 259, "fields": {"trabalhador": 17, "horas_extras": 137.5, "adicional_noturno": 13.7, "faltas": 0, "criado_em": "2021-01-20T10:47:09.061Z", "modificado_em": "2021-01-20T10:52:15.344Z"}}, {"model": "app.linharelatorio", "pk": 260, "fields": {"trabalhador": 35, "horas_extras": 0.0, "adicional_noturno": 0.0, "faltas": 0, "criado_em": "2021-01-20T10:47:09.075Z", "modificado_em": "2021-01-20T10:52:15.358Z"}}, {"model": "app.linharelatorio", "pk": 261, "fields": {"trabalhador": 24, "horas_extras": 115.0, "adicional_noturno": 0.0, "faltas": 0, "criado_em": "2021-01-20T10:47:09.089Z", "modificado_em": "2021-01-20T10:52:15.370Z"}}, {"model": "app.linharelatorio", "pk": 262, "fields": {"trabalhador": 36, "horas_extras": 0.0, "adicional_noturno": 0.0, "faltas": 0, "criado_em": "2021-01-20T10:47:09.103Z", "modificado_em": "2021-01-20T10:52:15.382Z"}}, {"model": "app.linharelatorio", "pk": 263, "fields": {"trabalhador": 6, "horas_extras": 0.0, "adicional_noturno": 0.0, "faltas": 0, "criado_em": "2021-01-20T10:47:09.118Z", "modificado_em": "2021-01-20T10:52:15.394Z"}}, {"model": "app.linharelatorio", "pk": 264, "fields": {"trabalhador": 15, "horas_extras": 89.5, "adicional_noturno": 1.1, "faltas": 0, "criado_em": "2021-01-20T10:47:09.134Z", "modificado_em": "2021-01-20T10:52:15.406Z"}}, {"model": "app.linharelatorio", "pk": 265, "fields": {"trabalhador": 42, "horas_extras": 58.0, "adicional_noturno": 0.0, "faltas": 0, "criado_em": "2021-01-20T10:47:09.150Z", "modificado_em": "2021-01-20T10:52:15.419Z"}}, {"model": "app.linharelatorio", "pk": 266, "fields": {"trabalhador": 37, "horas_extras": 88.5, "adicional_noturno": 13.1, "faltas": 0, "criado_em": "2021-01-20T10:47:09.165Z", "modificado_em": "2021-01-20T10:52:15.430Z"}}, {"model": "app.linharelatorio", "pk": 267, "fields": {"trabalhador": 29, "horas_extras": 112.5, "adicional_noturno": 33.1, "faltas": 0, "criado_em": "2021-01-20T10:47:09.178Z", "modificado_em": "2021-01-20T10:52:15.442Z"}}, {"model": "app.linharelatorio", "pk": 268, "fields": {"trabalhador": 38, "horas_extras": 125.5, "adicional_noturno": 18.9, "faltas": 0, "criado_em": "2021-01-20T10:47:09.192Z", "modificado_em": "2021-01-20T10:52:15.454Z"}}, {"model": "app.linharelatorio", "pk": 269, "fields": {"trabalhador": 12, "horas_extras": 59.0, "adicional_noturno": 14.2, "faltas": 0, "criado_em": "2021-01-20T10:47:09.207Z", "modificado_em": "2021-01-20T10:52:15.466Z"}}, {"model": "app.linharelatorio", "pk": 270, "fields": {"trabalhador": 23, "horas_extras": 106.5, "adicional_noturno": 27.4, "faltas": 0, "criado_em": "2021-01-20T10:47:09.221Z", "modificado_em": "2021-01-20T10:52:15.478Z"}}, {"model": "app.linharelatorio", "pk": 271, "fields": {"trabalhador": 39, "horas_extras": 124.0, "adicional_noturno": 51.4, "faltas": 0, "criado_em": "2021-01-20T10:47:09.243Z", "modificado_em": "2021-01-20T10:52:15.490Z"}}, {"model": "app.linharelatorio", "pk": 272, "fields": {"trabalhador": 3, "horas_extras": 0.0, "adicional_noturno": 0.0, "faltas": 0, "criado_em": "2021-01-20T10:47:09.257Z", "modificado_em": "2021-01-20T10:52:15.502Z"}}, {"model": "app.linharelatorio", "pk": 273, "fields": {"trabalhador": 43, "horas_extras": 0.0, "adicional_noturno": 0.0, "faltas": 0, "criado_em": "2021-01-20T10:47:09.270Z", "modificado_em": "2021-01-20T10:52:15.514Z"}}, {"model": "app.linharelatorio", "pk": 274, "fields": {"trabalhador": 19, "horas_extras": 42.0, "adicional_noturno": 0.0, "faltas": 0, "criado_em": "2021-01-20T10:47:09.284Z", "modificado_em": "2021-01-20T10:52:15.526Z"}}, {"model": "app.linharelatorio", "pk": 275, "fields": {"trabalhador": 7, "horas_extras": 165.5, "adicional_noturno": 37.0, "faltas": 0, "criado_em": "2021-01-20T10:47:09.299Z", "modificado_em": "2021-01-20T10:52:15.537Z"}}, {"model": "app.linharelatorio", "pk": 276, "fields": {"trabalhador": 8, "horas_extras": 0.0, "adicional_noturno": 0.0, "faltas": 0, "criado_em": "2021-01-20T10:47:09.313Z", "modificado_em": "2021-01-20T10:52:15.549Z"}}, {"model": "app.linharelatorio", "pk": 277, "fields": {"trabalhador": 9, "horas_extras": 0.0, "adicional_noturno": 0.0, "faltas": 0, "criado_em": "2021-01-20T10:47:09.326Z", "modificado_em": "2021-01-20T10:52:15.560Z"}}, {"model": "app.linharelatorio", "pk": 278, "fields": {"trabalhador": 21, "horas_extras": 73.0, "adicional_noturno": 48.0, "faltas": 0, "criado_em": "2021-01-20T10:47:09.340Z", "modificado_em": "2021-01-20T10:52:15.573Z"}}, {"model": "app.linharelatorio", "pk": 279, "fields": {"trabalhador": 10, "horas_extras": 125.5, "adicional_noturno": 2.2, "faltas": 0, "criado_em": "2021-01-20T10:47:09.353Z", "modificado_em": "2021-01-20T10:52:15.587Z"}}, {"model": "app.relatorio", "pk": 1, "fields": {"setor": 3, "estado": "oficial", "num_oficio": "166/2020", "mes": 6, "ano": 2020, "data_fechamento": "2020-07-13", "criado_em": "2020-07-13T19:09:22.558Z", "modificado_em": "2020-07-17T14:29:07.893Z", "linhas": [1, 5, 13, 25, 26]}}, {"model": "app.relatorio", "pk": 2, "fields": {"setor": 1, "estado": "oficial", "num_oficio": "168/2020", "mes": 6, "ano": 2020, "data_fechamento": "2020-07-13", "criado_em": "2020-07-13T19:09:22.598Z", "modificado_em": "2020-07-17T14:28:56.103Z", "linhas": [2, 9, 15, 16, 18, 22, 41, 34, 7, 24]}}, {"model": "app.relatorio", "pk": 3, "fields": {"setor": 2, "estado": "oficial", "num_oficio": "167/2020", "mes": 6, "ano": 2020, "data_fechamento": "2020-07-13", "criado_em": "2020-07-13T19:09:22.715Z", "modificado_em": "2020-07-17T14:28:49.235Z", "linhas": [4, 6, 11, 12, 14, 17, 19, 20, 21, 27, 28, 29, 30, 31, 32, 33, 39, 40, 23]}}, {"model": "app.relatorio", "pk": 4, "fields": {"setor": 6, "estado": "oficial", "num_oficio": "170/2020", "mes": 6, "ano": 2020, "data_fechamento": "2020-07-13", "criado_em": "2020-07-13T19:09:22.829Z", "modificado_em": "2020-07-17T14:28:39.908Z", "linhas": [3, 8, 10, 35]}}, {"model": "app.relatorio", "pk": 5, "fields": {"setor": 4, "estado": "oficial", "num_oficio": "169/2020", "mes": 6, "ano": 2020, "data_fechamento": "2020-07-13", "criado_em": "2020-07-13T19:09:23.433Z", "modificado_em": "2020-07-17T18:40:50.474Z", "linhas": [36]}}, {"model": "app.relatorio", "pk": 6, "fields": {"setor": 3, "estado": "oficial", "num_oficio": "176/2020", "mes": 7, "ano": 2020, "data_fechamento": "2020-08-14", "criado_em": "2020-08-05T12:01:21.253Z", "modificado_em": "2020-08-14T12:33:13.875Z", "linhas": [44, 54, 66, 67]}}, {"model": "app.relatorio", "pk": 7, "fields": {"setor": 1, "estado": "oficial", "num_oficio": "178/2020", "mes": 7, "ano": 2020, "data_fechamento": "2020-08-14", "criado_em": "2020-08-05T12:01:21.279Z", "modificado_em": "2020-08-14T12:33:13.870Z", "linhas": [43, 50, 56, 57, 59, 63, 69, 76, 79, 80, 48, 65]}}, {"model": "app.relatorio", "pk": 8, "fields": {"setor": 2, "estado": "oficial", "num_oficio": "177/2020", "mes": 7, "ano": 2020, "data_fechamento": "2020-08-14", "criado_em": "2020-08-05T12:01:21.371Z", "modificado_em": "2020-08-14T12:33:13.862Z", "linhas": [42, 45, 46, 47, 52, 53, 55, 58, 60, 61, 62, 68, 70, 71, 72, 73, 74, 75, 81, 82, 64]}}, {"model": "app.relatorio", "pk": 9, "fields": {"setor": 6, "estado": "oficial", "num_oficio": "180/2020", "mes": 7, "ano": 2020, "data_fechamento": "2020-08-14", "criado_em": "2020-08-05T12:01:21.438Z", "modificado_em": "2020-08-14T12:33:13.854Z", "linhas": [49, 51, 77]}}, {"model": "app.relatorio", "pk": 10, "fields": {"setor": 4, "estado": "oficial", "num_oficio": "179/2020", "mes": 7, "ano": 2020, "data_fechamento": "2020-08-14", "criado_em": "2020-08-05T12:01:21.906Z", "modificado_em": "2020-08-14T12:33:13.851Z", "linhas": [78]}}, {"model": "app.relatorio", "pk": 11, "fields": {"setor": 3, "estado": "oficial", "num_oficio": "200/2020", "mes": 8, "ano": 2020, "data_fechamento": "2020-09-16", "criado_em": "2020-09-08T20:56:22.319Z", "modificado_em": "2020-09-16T14:22:46.950Z", "linhas": [83, 95, 103, 107, 108]}}, {"model": "app.relatorio", "pk": 12, "fields": {"setor": 1, "estado": "oficial", "num_oficio": "204/2020", "mes": 8, "ano": 2020, "data_fechamento": "2020-09-16", "criado_em": "2020-09-08T20:56:22.351Z", "modificado_em": "2020-09-16T14:22:46.948Z", "linhas": [84, 91, 97, 98, 100, 104, 110, 117, 120, 121, 89, 106]}}, {"model": "app.relatorio", "pk": 13, "fields": {"setor": 2, "estado": "oficial", "num_oficio": "203/2020", "mes": 8, "ano": 2020, "data_fechamento": "2020-09-16", "criado_em": "2020-09-08T20:56:22.451Z", "modificado_em": "2020-09-16T14:22:46.945Z", "linhas": [85, 86, 87, 88, 90, 93, 94, 96, 99, 101, 102, 109, 111, 112, 113, 114, 115, 116, 122, 123, 105]}}, {"model": "app.relatorio", "pk": 14, "fields": {"setor": 6, "estado": "oficial", "num_oficio": "202/2020", "mes": 8, "ano": 2020, "data_fechamento": "2020-09-16", "criado_em": "2020-09-08T20:56:22.631Z", "modificado_em": "2020-09-16T14:22:46.942Z", "linhas": [92, 118]}}, {"model": "app.relatorio", "pk": 15, "fields": {"setor": 4, "estado": "oficial", "num_oficio": "201/2020", "mes": 8, "ano": 2020, "data_fechamento": "2020-09-16", "criado_em": "2020-09-08T20:56:23.350Z", "modificado_em": "2020-09-16T14:22:46.933Z", "linhas": [119]}}, {"model": "app.relatorio", "pk": 16, "fields": {"setor": 3, "estado": "terminado", "num_oficio": "212/2020", "mes": 9, "ano": 2020, "data_fechamento": null, "criado_em": "2020-10-06T17:34:38.500Z", "modificado_em": "2020-10-06T20:33:29.100Z", "linhas": [124, 136, 144, 148, 149, 157]}}, {"model": "app.relatorio", "pk": 17, "fields": {"setor": 1, "estado": "terminado", "num_oficio": "216/2020", "mes": 9, "ano": 2020, "data_fechamento": null, "criado_em": "2020-10-06T17:34:38.557Z", "modificado_em": "2020-10-06T20:33:38.046Z", "linhas": [125, 132, 138, 139, 141, 145, 151, 158, 161, 162, 130, 147]}}, {"model": "app.relatorio", "pk": 18, "fields": {"setor": 2, "estado": "terminado", "num_oficio": "215/2020", "mes": 9, "ano": 2020, "data_fechamento": null, "criado_em": "2020-10-06T17:34:38.753Z", "modificado_em": "2020-10-06T20:32:34.578Z", "linhas": [126, 127, 128, 129, 131, 134, 135, 137, 140, 142, 143, 150, 152, 153, 154, 155, 163, 164, 146]}}, {"model": "app.relatorio", "pk": 19, "fields": {"setor": 6, "estado": "terminado", "num_oficio": "214/2020", "mes": 9, "ano": 2020, "data_fechamento": null, "criado_em": "2020-10-06T17:34:38.960Z", "modificado_em": "2020-10-06T20:33:38.042Z", "linhas": [133, 156, 159]}}, {"model": "app.relatorio", "pk": 20, "fields": {"setor": 4, "estado": "terminado", "num_oficio": "213/2020", "mes": 9, "ano": 2020, "data_fechamento": null, "criado_em": "2020-10-06T17:34:40.475Z", "modificado_em": "2020-10-06T20:25:15.758Z", "linhas": [160]}}, {"model": "app.relatorio", "pk": 21, "fields": {"setor": 3, "estado": "oficial", "num_oficio": "227/2020", "mes": 10, "ano": 2020, "data_fechamento": "2020-11-25", "criado_em": "2020-11-12T11:08:30.520Z", "modificado_em": "2020-11-25T13:36:27.331Z", "linhas": [176, 184, 186, 187]}}, {"model": "app.relatorio", "pk": 22, "fields": {"setor": 1, "estado": "oficial", "num_oficio": "231/2020", "mes": 10, "ano": 2020, "data_fechamento": "2020-11-25", "criado_em": "2020-11-12T11:08:30.549Z", "modificado_em": "2020-11-25T13:36:27.328Z", "linhas": [166, 172, 178, 179, 181, 185, 189, 196, 199, 200]}}, {"model": "app.relatorio", "pk": 23, "fields": {"setor": 2, "estado": "oficial", "num_oficio": "230/2020", "mes": 10, "ano": 2020, "data_fechamento": "2020-11-25", "criado_em": "2020-11-12T11:08:30.636Z", "modificado_em": "2020-11-25T13:36:27.326Z", "linhas": [165, 167, 168, 169, 170, 171, 174, 175, 177, 180, 182, 183, 188, 190, 191, 192, 193, 195, 201, 202]}}, {"model": "app.relatorio", "pk": 24, "fields": {"setor": 6, "estado": "oficial", "num_oficio": "229/2020", "mes": 10, "ano": 2020, "data_fechamento": "2020-11-25", "criado_em": "2020-11-12T11:08:30.712Z", "modificado_em": "2020-11-25T13:36:27.323Z", "linhas": [173, 194, 197]}}, {"model": "app.relatorio", "pk": 25, "fields": {"setor": 4, "estado": "oficial", "num_oficio": "228/2020", "mes": 10, "ano": 2020, "data_fechamento": "2020-11-25", "criado_em": "2020-11-12T11:08:31.440Z", "modificado_em": "2020-11-25T13:36:27.320Z", "linhas": [198]}}, {"model": "app.relatorio", "pk": 26, "fields": {"setor": 3, "estado": "terminado", "num_oficio": "237/2020", "mes": 11, "ano": 2020, "data_fechamento": null, "criado_em": "2020-12-10T11:41:26.737Z", "modificado_em": "2020-12-10T11:50:04.329Z", "linhas": [214, 224, 225]}}, {"model": "app.relatorio", "pk": 27, "fields": {"setor": 1, "estado": "terminado", "num_oficio": "241/2020", "mes": 11, "ano": 2020, "data_fechamento": null, "criado_em": "2020-12-10T11:41:26.779Z", "modificado_em": "2020-12-10T11:50:29.283Z", "linhas": [204, 210, 216, 217, 219, 223, 227, 234, 237, 238]}}, {"model": "app.relatorio", "pk": 28, "fields": {"setor": 2, "estado": "terminado", "num_oficio": "240/2020", "mes": 11, "ano": 2020, "data_fechamento": null, "criado_em": "2020-12-10T11:41:26.940Z", "modificado_em": "2020-12-10T11:50:04.333Z", "linhas": [203, 205, 206, 207, 208, 209, 212, 213, 215, 218, 220, 221, 222, 226, 228, 229, 230, 231, 233, 239, 240]}}, {"model": "app.relatorio", "pk": 29, "fields": {"setor": 6, "estado": "terminado", "num_oficio": "239/2020", "mes": 11, "ano": 2020, "data_fechamento": null, "criado_em": "2020-12-10T11:41:27.061Z", "modificado_em": "2020-12-10T11:50:29.280Z", "linhas": [211, 232, 235]}}, {"model": "app.relatorio", "pk": 30, "fields": {"setor": 4, "estado": "terminado", "num_oficio": "238/2020", "mes": 11, "ano": 2020, "data_fechamento": null, "criado_em": "2020-12-10T11:41:27.956Z", "modificado_em": "2020-12-10T11:45:54.733Z", "linhas": [236]}}, {"model": "app.relatorio", "pk": 31, "fields": {"setor": 3, "estado": "oficial", "num_oficio": "009/2021", "mes": 12, "ano": 2020, "data_fechamento": "2021-01-28", "criado_em": "2021-01-20T10:47:08.790Z", "modificado_em": "2021-01-28T11:39:51.235Z", "linhas": [241, 252, 260, 262, 263]}}, {"model": "app.relatorio", "pk": 32, "fields": {"setor": 1, "estado": "oficial", "num_oficio": "013/2021", "mes": 12, "ano": 2020, "data_fechamento": "2021-01-28", "criado_em": "2021-01-20T10:47:08.809Z", "modificado_em": "2021-01-28T11:39:51.227Z", "linhas": [242, 248, 254, 257, 261, 265, 272, 273, 276, 277]}}, {"model": "app.relatorio", "pk": 33, "fields": {"setor": 2, "estado": "oficial", "num_oficio": "012/2021", "mes": 12, "ano": 2020, "data_fechamento": "2021-01-28", "criado_em": "2021-01-20T10:47:08.879Z", "modificado_em": "2021-01-28T11:39:51.208Z", "linhas": [243, 244, 245, 246, 247, 250, 251, 253, 256, 258, 259, 264, 266, 267, 268, 269, 271, 278, 279]}}, {"model": "app.relatorio", "pk": 34, "fields": {"setor": 6, "estado": "oficial", "num_oficio": "011/2021", "mes": 12, "ano": 2020, "data_fechamento": "2021-01-28", "criado_em": "2021-01-20T10:47:08.920Z", "modificado_em": "2021-01-28T11:39:51.201Z", "linhas": [249, 255, 270, 274]}}, {"model": "app.relatorio", "pk": 35, "fields": {"setor": 4, "estado": "oficial", "num_oficio": "010/2021", "mes": 12, "ano": 2020, "data_fechamento": "2021-01-28", "criado_em": "2021-01-20T10:47:09.297Z", "modificado_em": "2021-01-28T11:39:51.197Z", "linhas": [275]}}, {"model": "app.lembrete", "pk": 1, "fields": {"titulo": "Finalize os relat\u00f3rios", "mensagem": "Parece que h\u00e1 um ou mais relat\u00f3rios pendentes de finaliza\u00e7\u00e3o. Quer finaliz\u00e1-los agora?", "url_name": "/relatorios/", "periodicidade": "m", "dia": 15, "mostrado_esse_mes": false, "criado_em": "2020-09-14T18:46:42.344Z", "modificado_em": "2021-04-01T14:47:21.609Z"}}, {"model": "app.lembrete", "pk": 2, "fields": {"titulo": "Rela\u00e7\u00e3o de abonadas", "mensagem": "Parece que voc\u00ea ainda n\u00e3o imprimiu a rela\u00e7\u00e3o de abonadas desta semana. Deseja fazer isso agora?", "url_name": "/pdf/relacao_abono/1/", "periodicidade": "s", "dia": 5, "mostrado_esse_mes": false, "criado_em": "2020-09-14T18:46:42.344Z", "modificado_em": "2021-04-01T14:47:21.606Z"}}, {"model": "app.conf", "pk": 1, "fields": {"proximas_folgas": true, "em_andamento": true, "proximos_retornos": true, "calculo_de_adicional": false}}, {"model": "app.banner", "pk": 643, "fields": {"titulo": "Cultura em Casa: shows de rock para o pr\u00f3ximo final de semana", "descricao": "Nesta semana o Departamento de Cultura e Funda\u00e7\u00e3o Cultural de Ilha Solteira disponibiliza mais uma s\u00e9rie de shows com artistas ilhenses em suas redes sociais. A programa\u00e7\u00e3o\u00a0do Cultura em Casa", "link_img": "https://www.ilhasolteira.sp.gov.br/wp-content/uploads/2021/04/Flyer-Cultura-em-Casa-2021-02-de-maio-1024x1024.jpg", "link": "https://www.ilhasolteira.sp.gov.br/?p=7076", "criado_em": "2021-04-29T13:24:23.201Z", "modificado_em": "2021-04-29T13:24:23.201Z"}}, {"model": "app.banner", "pk": 644, "fields": {"titulo": "Coronav\u00edrus: V\u00eddeos exibidos em tel\u00f5es no centro de Ilha Solteira alerta para os cuidados que devem ser tomados", "descricao": "Tel\u00f5es instalados no canteiro central da Avenida Brasil, ao lado da caixa d\u2019\u00e1gua, vem exibindo v\u00eddeos, produzido pela Prefeitura de Ilha Solteira, com orienta\u00e7\u00f5es sobre os cuidados que a popula\u00e7\u00e3o", "link_img": "https://www.ilhasolteira.sp.gov.br/wp-content/uploads/2021/04/foto-TEL\u00c3O-site-prefeitura-1024x680.jpg", "link": "https://www.ilhasolteira.sp.gov.br/?p=7077", "criado_em": "2021-04-29T13:24:23.205Z", "modificado_em": "2021-04-29T13:24:23.205Z"}}, {"model": "app.banner", "pk": 645, "fields": {"titulo": "Ilha recebe mais doses e come\u00e7ar\u00e1 a vacinar idosos com 63 anos", "descricao": "A Prefeitura de Ilha Solteira, por meio da Secretaria de Sa\u00fade, recebeu mais doses da vacina contra o Coronav\u00edrus (COVID-19) na manh\u00e3 desta ter\u00e7a-feira (27). De acordo com a Secretaria", "link_img": "https://www.ilhasolteira.sp.gov.br/wp-content/uploads/2021/04/foto-MAIS-DOSES-site-prefeitura-1024x680.jpg", "link": "https://www.ilhasolteira.sp.gov.br/?p=7075", "criado_em": "2021-04-29T13:24:23.209Z", "modificado_em": "2021-04-29T13:24:23.209Z"}}, {"model": "app.banner", "pk": 646, "fields": {"titulo": "Prefeitura compra mais cinco capacetes de oxigena\u00e7\u00e3o e sobe para dez os equipamentos entregues ao Hospital", "descricao": "A Prefeitura de Ilha Soleira comprou mais cinco equipamentos de oxigena\u00e7\u00e3o, que foram entregues nesta segunda-feira (26) no Hospital Regional. Com isso, j\u00e1 s\u00e3o dez os equipamentos repassados para a", "link_img": "https://www.ilhasolteira.sp.gov.br/wp-content/uploads/2021/04/foto-CAPACETE-site-prefeitura-1024x680.jpg", "link": "https://www.ilhasolteira.sp.gov.br/?p=7074", "criado_em": "2021-04-29T13:24:23.216Z", "modificado_em": "2021-04-29T13:24:23.216Z"}}, {"model": "app.banner", "pk": 647, "fields": {"titulo": "CONV\u00caNIO COM A PREFEITURA DAR\u00c1 DESCONTO NA MENSALIDADE PARA ALUNOS DA FACULDADE EDUCACIONAL DE ANDRADINA", "descricao": "A Prefeitura Municipal de Ilha Solteira e a Faculdade Educacional de Andradina \u2013 FEA firmaram um conv\u00eanio na \u00faltima semana que propiciar\u00e1 aos alunos da Faculdade, ou aos novos alunos", "link_img": "https://www.ilhasolteira.sp.gov.br/wp-content/uploads/2021/04/foto-CONVENIO-site-prefeitura-1024x680.jpg", "link": "https://www.ilhasolteira.sp.gov.br/?p=7034", "criado_em": "2021-04-29T13:24:23.221Z", "modificado_em": "2021-04-29T13:24:23.221Z"}}, {"model": "app.banner", "pk": 648, "fields": {"titulo": "Vacina\u00e7\u00e3o nos drive-thrus continua; 1650 j\u00e1 foram imunizados", "descricao": "A vacina\u00e7\u00e3o contra o Coronav\u00edrus (COVID-19) e a gripe comum (Influenza) continua nos drive-thrus montados pela Prefeitura nas unidades de sa\u00fade de Ilha Solteira. At\u00e9 sexta-feira (16), 1658 foram imunizados.", "link_img": "https://www.ilhasolteira.sp.gov.br/wp-content/uploads/2021/04/foto-VACINA-DRIVE-THRUE-1024x680.jpg", "link": "https://www.ilhasolteira.sp.gov.br/?p=7033", "criado_em": "2021-04-29T13:24:23.225Z", "modificado_em": "2021-04-29T13:24:23.225Z"}}, {"model": "app.relacaoabono", "pk": 1, "fields": {"data_inicio": "2020-09-01T03:00:00Z", "data_termino": "2020-09-30T03:00:00Z", "abonos": [77, 78, 79, 81, 84, 82, 85, 83]}}, {"model": "app.relacaoabono", "pk": 2, "fields": {"data_inicio": "2020-10-01T03:00:00Z", "data_termino": "2020-10-07T03:00:00Z", "abonos": [86, 87, 88]}}, {"model": "app.relacaoabono", "pk": 34, "fields": {"data_inicio": "2020-09-01T03:00:00Z", "data_termino": "2020-09-30T03:00:00Z", "abonos": [77, 78, 79, 81, 84, 82, 85, 83]}}, {"model": "app.relacaoabono", "pk": 35, "fields": {"data_inicio": "2020-09-01T03:00:00Z", "data_termino": "2020-10-09T03:00:00Z", "abonos": [77, 78, 79, 81, 84, 82, 85, 83, 86, 87, 88]}}, {"model": "app.relacaoabono", "pk": 36, "fields": {"data_inicio": "2020-10-15T03:00:00Z", "data_termino": "2020-11-06T03:00:00Z", "abonos": [119, 121, 123, 122, 124]}}, {"model": "app.relacaoabono", "pk": 37, "fields": {"data_inicio": "2020-10-15T03:00:00Z", "data_termino": "2020-11-06T03:00:00Z", "abonos": [119, 121, 123, 122, 124, 125]}}, {"model": "app.relacaoabono", "pk": 38, "fields": {"data_inicio": "2020-11-06T03:00:00Z", "data_termino": "2020-11-13T03:00:00Z", "abonos": [126, 132, 131]}}, {"model": "app.relacaoabono", "pk": 39, "fields": {"data_inicio": "2020-11-06T03:00:00Z", "data_termino": "2020-11-13T03:00:00Z", "abonos": [126, 132, 131]}}, {"model": "app.relacaoabono", "pk": 40, "fields": {"data_inicio": "2020-11-12T03:00:00Z", "data_termino": "2020-11-13T03:00:00Z", "abonos": [131]}}, {"model": "app.relacaoabono", "pk": 41, "fields": {"data_inicio": "2020-11-19T03:00:00Z", "data_termino": "2020-11-27T03:00:00Z", "abonos": [135, 128, 136, 134]}}, {"model": "app.relacaoabono", "pk": 42, "fields": {"data_inicio": "2021-01-01T03:00:00Z", "data_termino": "2021-01-18T03:00:00Z", "abonos": [187, 224, 180, 223, 226, 225, 227]}}, {"model": "app.relacaoabono", "pk": 43, "fields": {"data_inicio": "2021-01-01T03:00:00Z", "data_termino": "2021-01-18T03:00:00Z", "abonos": [224, 223, 226, 227, 225]}}, {"model": "app.relacaoabono", "pk": 44, "fields": {"data_inicio": "2021-01-15T03:00:00Z", "data_termino": "2021-01-29T03:00:00Z", "abonos": [227, 228, 230, 229]}}, {"model": "app.relacaoabono", "pk": 45, "fields": {"data_inicio": "2021-02-08T03:00:00Z", "data_termino": "2021-02-19T03:00:00Z", "abonos": [237]}}, {"model": "app.diretor", "pk": 1, "fields": {"nome": "Jos\u00e9 Carlos Pessoa Monte", "legenda": "Diretor do Departamento de Transporte", "criado_em": "2021-01-19T20:11:52.130Z", "modificado": "2021-01-19T20:11:52.131Z"}}, {"model": "app.chefedesetor", "pk": 1, "fields": {"nome": "Sebasti\u00e3o Arosti", "legenda": "Chefe do Departamento de Transporte", "criado_em": "2021-01-19T20:11:39.527Z", "modificado": "2021-01-19T20:11:39.527Z"}}]